type	code	length	title	publine	ptr	bibl
imp	Antilope_imp_gazette17221121	22603	N.52 Derniere partie de la relation du sacre et couronnement du Roy, Et de ce qui s’est passé pendant le voyage de Sa Majesté.	Extraordinaire de la Gazette,Paris,BNF<span class="publisher">Aunillon, Pierre</span><span class="date">21 Novembre 1722</span>Bureau d’adresse, aux galleries du Louvre, devant la ruë S. Thomas, Paris	https://gallica.bnf.fr/ark:/12148/btv1b8608568b/f1.item.r=derniere%20partie%20de%20la%20relation%20du%20sacre%20et%20couronnement#	<cite class="title">N.52 Derniere partie de la relation du sacre et couronnement du Roy, Et de ce qui s'est passé pendant le voyage de Sa Majesté, Paris, Bureau d'adresse, aux galleries du Louvre, devant la ruë S. Thomas, 21 novembre 1722</cite>Extraordinaire de la Gazette,Paris,BNF<span class="publisher">Aunillon, Pierre</span><span class="date">21 Novembre 1722</span>Bureau d’adresse, aux galleries du Louvre, devant la ruë S. Thomas, Paris<a class="ptr" href="https://gallica.bnf.fr/ark:/12148/btv1b8608568b/f1.item.r=derniere%20partie%20de%20la%20relation%20du%20sacre%20et%20couronnement#">https://gallica.bnf.fr/ark:/12148/btv1b8608568b/f1.item.r=derniere%20partie%20de%20la%20relation%20du%20sacre%20et%20couronnement#</a>
imp	Antilope_imp_gazette17221201	124979	No.54 RELATION DE LA CEREMONIE DU SACRE ET COURONNEMENT DU ROY	Extraordinaire de la Gazette,Paris,BNF<span class="publisher">Aunillon, Pierre</span><span class="date">1er Decembre 1722</span>Bureau d’adresse, aux galleries du Louvre, devant la ruë S. Thomas, Paris	https://gallica.bnf.fr/ark:/12148/bpt6k6236260b/f1.item	<cite class="title">No.54 RELATION DE LA CEREMONIE DU SACRE ET COURONNEMENT DU ROY, Paris, Bureau d'adresse, aux galleries du Louvre, devant la ruë S. Thomas, 1er Decembre 1722</cite>Extraordinaire de la Gazette,Paris,BNF<span class="publisher">Aunillon, Pierre</span><span class="date">1er Decembre 1722</span>Bureau d’adresse, aux galleries du Louvre, devant la ruë S. Thomas, Paris<a class="ptr" href="https://gallica.bnf.fr/ark:/12148/bpt6k6236260b/f1.item">https://gallica.bnf.fr/ark:/12148/bpt6k6236260b/f1.item</a>
imp	Antilope_imp_mercure17221101	104225	Suite du journal du voyage du Roy à Rheims.	Mercure,Paris,BNF<span class="publisher">G. Cavelier</span><span class="publisher">Veuve P. Ribou</span><span class="publisher">G. Cavelier fils</span><span class="publisher">A. Cailleau</span><span class="date">1er Novembre 1722</span>Paris	https://gallica.bnf.fr/ark:/12148/bpt6k6339961b/f31	<cite class="title">Le Mercure de Novembre 1722. SUITE DU JOURNAL, Du voyage du Roy à Rheims.</cite>Mercure,Paris,BNF<span class="publisher">G. Cavelier</span><span class="publisher">Veuve P. Ribou</span><span class="publisher">G. Cavelier fils</span><span class="publisher">A. Cailleau</span><span class="date">1er Novembre 1722</span>Paris<a class="ptr" href="https://gallica.bnf.fr/ark:/12148/bpt6k6339961b/f31">https://gallica.bnf.fr/ark:/12148/bpt6k6339961b/f31</a>
imp	Antilope_imp_mercure17221201	3334	ODE SUR LE SACRE DU ROY.	Mercure,Paris,BNF<span class="publisher">G. Cavelier</span><span class="publisher">Veuve P. Ribou</span><span class="publisher">G. Cavelier fils</span><span class="publisher">A. Cailleau</span><span class="date">1er Décembre 1722</span>Paris	https://gallica.bnf.fr/ark:/12148/bpt6k63284166/f7.item	<cite class="title">Le Mercure de Decembre 1722.Pieces fugitives en Vers&amp;en Prose.Ode sur le sacre du Roy</cite>Mercure,Paris,BNF<span class="publisher">G. Cavelier</span><span class="publisher">Veuve P. Ribou</span><span class="publisher">G. Cavelier fils</span><span class="publisher">A. Cailleau</span><span class="date">1er Décembre 1722</span>Paris<a class="ptr" href="https://gallica.bnf.fr/ark:/12148/bpt6k63284166/f7.item">https://gallica.bnf.fr/ark:/12148/bpt6k63284166/f7.item</a>
imp	Flandres17_imp_Lille1680	16916	DESCRIPTION DES FEUX D'ARTIFICES FAITS À L'HONNEUR DU ROY A LILLE, Par un nouveau témoignage du zele de Messieurs du Magistrat, ensuite de la venuë de Sa MAJESTÉ en cette Ville, &amp; de la rejouissance publique de la Paix. l'an 1680.	Lille, <span class="publisher">Malte</span> - <span class="date">1680</span>	https://bibliotheque-numerique.inha.fr/viewer/60618	<cite class="title">DESCRIPTION DES FEUX D'ARTIFICES FAITS À L'HONNEUR DU ROY A LILLE, Par un nouveau témoignage du zele de Messieurs du Magistrat, ensuite de la venuë de Sa MAJESTÉ en cette Ville, &amp; de la rejouissance publique de la Paix. l'an 1680., Lille, Malte, 1680.</cite>Lille, <span class="publisher">Malte</span> - <span class="date">1680</span><a class="ptr" href="https://bibliotheque-numerique.inha.fr/viewer/60618">https://bibliotheque-numerique.inha.fr/viewer/60618</a>
imp	Flandres17_imp_Valenciennes1680	17529	Hercule soutenant le Ciel, dessein des feux d’artifice dressés pour l’arrivée du Roi en sa ville de Valenciennes le 5 août 1680 par le Magistrat et Conseil.		https://gallica.bnf.fr/ark:/12148/bpt6k111053j	Hercule soutenant le Ciel, dessein des feux d’artifice dressés pour l’arrivée du Roi en sa ville de Valenciennes le 5 août 1680 par le Magistrat et Conseil, s.l., 1680.<a class="ptr" href="https://gallica.bnf.fr/ark:/12148/bpt6k111053j">https://gallica.bnf.fr/ark:/12148/bpt6k111053j</a>
imp	Flandres17_imp_Valenciennes1680_Mercure	13853	MERCURE GALANT. Dédié A Monseigneur LE DAUPHIN. Septembre 1680. SECONDE PARTIE. Contenant le Voyage que le Roy a fait en Flandre en l’année 1680.	MERCURE, PARIS, AU PALAIS, 1680, Valenciennes, P.202-231.	https://gallica.bnf.fr/ark:/12148/bpt6k62219294?rk=42918;4	MERCURE GALANT Dédié A Monseigneur LE DAUPHIN, septembre 1680. SECONDE PARTIE. Contenant le Voyage que le Roy a fait en Flandre en l’année 1680. A PARIS, AU PALAIS. MERCURE, PARIS, AU PALAIS, 1680, Valenciennes, P.202-231.  <a class="ptr" href="https://gallica.bnf.fr/ark:/12148/bpt6k62219294?rk=42918;4">https://gallica.bnf.fr/ark:/12148/bpt6k62219294?rk=42918;4</a>
imp	Flandres17_imp_Valenciennes1680_abrege	9767	Abrégé de l'histoire de Valenciennes	Lille, <span class="publisher">Balthasar Le Francq</span>, <span class="date">1680</span>, P.118-125		<cite class="title">Abrégé de l'histoire de Valenciennes</cite>Lille, <span class="publisher">Balthasar Le Francq</span>, <span class="date">1680</span>, P.118-125<a class="ptr" href=""/>
imp	Flandres17_imp_mg1680_beauvais	1743	MERCURE GALANT Dédié A Monseigneur LE DAUPHIN, septembre 1680. SECONDE PARTIE. Contenant le Voyage que le Roy a fait en Flandre en l’année 1680.	MERCURE, PARIS, AU PALAIS, 1680, BEAUVAIS, P.19-21.	https://gallica.bnf.fr/ark:/12148/bpt6k62219294?rk=42918;4	MERCURE GALANT Dédié A Monseigneur LE DAUPHIN, septembre 1680. SECONDE PARTIE. Contenant le Voyage que le Roy a fait en Flandre en l’année 1680. A PARIS, AU PALAIS. MERCURE, PARIS, AU PALAIS, 1680, BEAUVAIS, P.19-21.  <a class="ptr" href="https://gallica.bnf.fr/ark:/12148/bpt6k62219294?rk=42918;4">https://gallica.bnf.fr/ark:/12148/bpt6k62219294?rk=42918;4</a>
imp	Flandres17_imp_mg1680_calais	7688	MERCURE GALANT Dédié A Monseigneur LE DAUPHIN, septembre 1680. SECONDE PARTIE. Contenant le Voyage que le Roy a fait en Flandre en l’année 1680.	MERCURE, PARIS, AU PALAIS, 1680, P.36-51.	https://gallica.bnf.fr/ark:/12148/bpt6k62219294?rk=42918;4	MERCURE GALANT Dédié A Monseigneur LE DAUPHIN, septembre 1680. SECONDE PARTIE. Contenant le Voyage que le Roy a fait en Flandre en l’année 1680. A PARIS, AU PALAIS.MERCURE, PARIS, AU PALAIS, 1680, P.36-51.  <a class="ptr" href="https://gallica.bnf.fr/ark:/12148/bpt6k62219294?rk=42918;4">https://gallica.bnf.fr/ark:/12148/bpt6k62219294?rk=42918;4</a>
imp	Flandres17_imp_mg1680_dunkerque	31071	MERCURE GALANT Dédié A Monseigneur LE DAUPHIN, septembre 1680. SECONDE PARTIE. Contenant le Voyage que le Roy a fait en Flandre en l’année 1680.	MERCURE, PARIS, AU PALAIS, 1680, DUNKERQUE, P.64-132.	https://gallica.bnf.fr/ark:/12148/bpt6k62219294?rk=42918;4	MERCURE GALANT Dédié A Monseigneur LE DAUPHIN, septembre 1680. SECONDE PARTIE. Contenant le Voyage que le Roy a fait en Flandre en l’année 1680. A PARIS, AU PALAIS. MERCURE, PARIS, AU PALAIS, 1680, DUNKERQUE, P.64-132.  <a class="ptr" href="https://gallica.bnf.fr/ark:/12148/bpt6k62219294?rk=42918;4">https://gallica.bnf.fr/ark:/12148/bpt6k62219294?rk=42918;4</a>
imp	Flandres17_imp_mg1680_lille	20256	MERCURE GALANT Dédié A Monseigneur LE DAUPHIN, septembre 1680. SECONDE PARTIE. Contenant le Voyage que le Roy a fait en Flandre en l’année 1680.	MERCURE, PARIS, AU PALAIS, 1680, LILLE, P.151-195.	https://gallica.bnf.fr/ark:/12148/bpt6k62219294?rk=42918;4	MERCURE GALANT Dédié A Monseigneur LE DAUPHIN, septembre 1680. SECONDE PARTIE. Contenant le Voyage que le Roy a fait en Flandre en l’année 1680. A PARIS, AU PALAIS. MERCURE, PARIS, AU PALAIS, 1680, LILLE, P.151-195.  <a class="ptr" href="https://gallica.bnf.fr/ark:/12148/bpt6k62219294?rk=42918;4">https://gallica.bnf.fr/ark:/12148/bpt6k62219294?rk=42918;4</a>
imp	Flandres17_imp_mg1680_monquebour_gravelines	1591	MERCURE GALANT Dédié A Monseigneur LE DAUPHIN, septembre 1680. SECONDE PARTIE. Contenant le Voyage que le Roy a fait en Flandre en l’année 1680.	MERCURE, PARIS, AU PALAIS, 1680, MONQUEBOUR, GRAVELINES P.62-64.	https://gallica.bnf.fr/ark:/12148/bpt6k62219294?rk=42918;4	MERCURE GALANT Dédié A Monseigneur LE DAUPHIN, septembre 1680. SECONDE PARTIE. Contenant le Voyage que le Roy a fait en Flandre en l’année 1680. A PARIS, AU PALAIS. MERCURE, PARIS, AU PALAIS, 1680, MONQUEBOUR, GRAVELINES P.62-64.  <a class="ptr" href="https://gallica.bnf.fr/ark:/12148/bpt6k62219294?rk=42918;4">https://gallica.bnf.fr/ark:/12148/bpt6k62219294?rk=42918;4</a>
imp	Flandres17_imp_mg1680_saint_omer	5510	MERCURE GALANT Dédié A Monseigneur LE DAUPHIN, septembre 1680. SECONDE PARTIE. Contenant le Voyage que le Roy a fait en Flandre en l’année 1680.	MERCURE, PARIS, AU PALAIS, 1680, SAINT-OMER, P.51-62.	https://gallica.bnf.fr/ark:/12148/bpt6k62219294?rk=42918;4	MERCURE GALANT Dédié A Monseigneur LE DAUPHIN, septembre 1680. SECONDE PARTIE. Contenant le Voyage que le Roy a fait en Flandre en l’année 1680. A PARIS, AU PALAIS. MERCURE, PARIS, AU PALAIS, 1680, SAINT-OMER, P.51-62.  <a class="ptr" href="https://gallica.bnf.fr/ark:/12148/bpt6k62219294?rk=42918;4">https://gallica.bnf.fr/ark:/12148/bpt6k62219294?rk=42918;4</a>
imp	Flandres17_imp_mg1680_ypres	6184	MERCURE GALANT Dédié A Monseigneur LE DAUPHIN, septembre 1680. SECONDE PARTIE. Contenant le Voyage que le Roy a fait en Flandre en l’année 1680.	MERCURE, PARIS, AU PALAIS, 1680, YPRES, P.132-144.	https://gallica.bnf.fr/ark:/12148/bpt6k62219294?rk=42918;4	MERCURE GALANT Dédié A Monseigneur LE DAUPHIN, septembre 1680. SECONDE PARTIE. Contenant le Voyage que le Roy a fait en Flandre en l’année 1680. A PARIS, AU PALAIS.MERCURE, PARIS, AU PALAIS, 1680, YPRES, P.132-144.  <a class="ptr" href="https://gallica.bnf.fr/ark:/12148/bpt6k62219294?rk=42918;4">https://gallica.bnf.fr/ark:/12148/bpt6k62219294?rk=42918;4</a>
lettres	Flandres17_lettres_historiques1670	0	[historiques1670]			
ms	Flandres17_ms_Chavatte	7951	Chroniques générales des choses mémorables [de Lille]. Copie du livre Mathieu Manteau, augmenté de plusieurs choses de par moi Pierre-Ignace Chavatte...	Paris, BNF, Manuscrits, NAF 24089, fol. 281r-282r. 	https://gallica.bnf.fr/ark:/12148/btv1b52517035j	Chroniques générales des choses mémorables [de Lille]. Copie du livre Mathieu Manteau, augmenté de plusieurs choses de par moi Pierre-Ignace Chavatte...Paris, BNF, Manuscrits, NAF 24089, fol. 281r-282r. <a class="ptr" href="https://gallica.bnf.fr/ark:/12148/btv1b52517035j">https://gallica.bnf.fr/ark:/12148/btv1b52517035j</a>
img	merveilles17_img_ano13238_015	170	Première journée des Plaisirs de l'Ile enchantée. Le char d'Apollon, conduit par le Temps	Contre-épreuve d’un dessin à la pierre noire, 56 x 41,4 cm, Paris, Archives nationales, CP O1 3238, n° 15	http://www2.culture.gouv.fr/documentation/archim/menus-plaisirs.html	Carlo Vigarani (d'après), <cite class="title">Première journée des Plaisirs de l'Ile enchantée. Le char d'Apollon, conduit par le Temps</cite>. Contre-épreuve d’un dessin à la pierre noire, 56 x 41,4 cm, Paris, Archives nationales, CP O1 3238, n° 15<a class="ptr" href="http://www2.culture.gouv.fr/documentation/archim/menus-plaisirs.html">http://www2.culture.gouv.fr/documentation/archim/menus-plaisirs.html</a>
img	merveilles17_img_ano13238_068	168	Troisième journée des PLaisirs de l'île enchantée. Représentation du ballet d’Alcine	contre-épreuve d’un dessin à la pierre noire, 35,4 x 27 cm, Paris, Archives nationales, CP O1 3238, n° 68b	http://www2.culture.gouv.fr/documentation/archim/menus-plaisirs.html	François Chauveau (d'après), <cite class="title">Troisième journée des PLaisirs de l'île enchantée. Représentation du ballet d’Alcine</cite>  contre-épreuve d’un dessin à la pierre noire, 35,4 x 27 cm, Paris, Archives nationales, CP O1 3238, n° 68b<a class="ptr" href="http://www2.culture.gouv.fr/documentation/archim/menus-plaisirs.html">http://www2.culture.gouv.fr/documentation/archim/menus-plaisirs.html</a>
img	merveilles17_img_ano13239_057	82	Deuxième journée des Plaisirs de l'île enchantée. Moron et un ours, scène de la Princesse d’Elide	Dessin à la plume, à l'encre noire et au lavis gris, 57,4 x 41,8 cm, Paris, Archives nationales, O1 3239, n° 57	http://www2.culture.gouv.fr/documentation/archim/menus-plaisirs.html	<cite class="title">Deuxième journée des Plaisirs de l'île enchantée. Moron et un ours, scène de la Princesse d’Elide</cite>. Dessin à la plume, à l'encre noire et au lavis gris, 57,4 x 41,8 cm, Paris, Archives nationales, O1 3239, n° 57<a class="ptr" href="http://www2.culture.gouv.fr/documentation/archim/menus-plaisirs.html">http://www2.culture.gouv.fr/documentation/archim/menus-plaisirs.html</a>
img	merveilles17_img_ano13239_081	413	Les Plaisirs de l'île enchantée. Dessin du frontispice	Dessin à la plume, à l'encre noire et au lavis gris, 60,8 x 90,3 cm, Paris, Archives nationales, CP O1 3239, n° 81	http://www2.culture.gouv.fr/documentation/archim/menus-plaisirs.html	Israël Silvestre (d'après), <cite class="title">Les Plaisirs de l'île enchantée. Dessin du frontispice</cite>. Dessin à la plume, à l'encre noire et au lavis gris, 60,8 x 90,3 cm, Paris, Archives nationales, CP O1 3239, n° 81<a class="ptr" href="http://www2.culture.gouv.fr/documentation/archim/menus-plaisirs.html">http://www2.culture.gouv.fr/documentation/archim/menus-plaisirs.html</a>  
img	merveilles17_img_ano13241_077	192	Première journée des Plaisirs de l'Ile enchantée. Le char d'Apollon, conduit par le Temps	Contre-épreuve d’un dessin à la pierre noire, 25,5 x 39,2 cm, Paris, Archives nationales, CP O1 23241, n° 77b	http://www2.culture.gouv.fr/Wave/image/archim/MP/FRDAFAN08_SCEK000646N_2.jpg	<cite class="title">Première journée des Plaisirs de l'Ile enchantée. Le char d'Apollon, conduit par le Temps</cite>Contre-épreuve d’un dessin à la pierre noire, 25,5 x 39,2 cm, Paris, Archives nationales, CP O1 23241, n° 77b<a class="ptr" href="http://www2.culture.gouv.fr/Wave/image/archim/MP/FRDAFAN08_SCEK000646N_2.jpg">http://www2.culture.gouv.fr/Wave/image/archim/MP/FRDAFAN08_SCEK000646N_2.jpg</a>
img	merveilles17_img_ano13242a_052	199	Première journée des Plaisirs de l'île enchantée. La machine de Pan et de Diane	Contre-épreuve d’un dessin à la pierre noire, 53,5 x 38,3 cm, Paris, Archives nationales, CP O1 3242A, n° 52	http://www2.culture.gouv.fr/documentation/archim/menus-plaisirs.html	Carlo Vigarani (d'après), <cite class="title">Première journée des Plaisirs de l'île enchantée. La machine de Pan et de Diane</cite>. Contre-épreuve d’un dessin à la pierre noire, 53,5 x 38,3 cm, Paris, Archives nationales, CP O1 3242A, n° 52<a class="ptr" href="http://www2.culture.gouv.fr/documentation/archim/menus-plaisirs.html">http://www2.culture.gouv.fr/documentation/archim/menus-plaisirs.html</a>
img	merveilles17_img_ano13242a_088	188	Première journée des Plaisirs de l’Ile enchantée. Décor de feuillées pour l'arène	Dessin à la pierre noire, 53,2 x 38,4 cm, Paris, Archives nationales, CP, O1 3242A, n° 88	http://www2.culture.gouv.fr/documentation/archim/menus-plaisirs.html	Carlo Vigarani (d'après), <cite class="title">Première journée des Plaisirs de l’Ile enchantée. Décor de feuillée pour l'arène</cite>  Dessin à la pierre noire, 53,2 x 38,4 cm, Paris, Archives nationales, CP, O1 3242A, n° 88<a class="ptr" href="http://www2.culture.gouv.fr/documentation/archim/menus-plaisirs.html">http://www2.culture.gouv.fr/documentation/archim/menus-plaisirs.html</a>
img	merveilles17_img_ano13242a_089	187	Seconde journée des Plaisirs de l'île enchantée. Représentation de la Princesse d'Elide dans les jardins de Versailles	Dessin à la pierre noire, à l'encre noire et au lavis gris, 60,4 x 89,6 cm, Paris, CP O1 3242A, n°89	http://www2.culture.gouv.fr/documentation/archim/menus-plaisirs.html	Israël Silvestre (d'après), <cite class="title">Seconde journée des Plaisirs de l'île enchantée. Représentation de la Princesse d'Elide dans les jardins de Versailles</cite>, Dessin à la pierre noire, à l'encre noire et au lavis gris, 60,4 x 89,6 cm, Paris, CP O1 3242A, n°89<a class="ptr" href="http://www2.culture.gouv.fr/documentation/archim/menus-plaisirs.html">http://www2.culture.gouv.fr/documentation/archim/menus-plaisirs.html</a>
img	merveilles17_img_ano13242b_001	503	Premiere journée des Plaisirs de l'ile enchantée. Marche du roi et de ses chevaliers	Dessin à la pierre noire, à la plume, à l'encre noire et au lavis gris, 61,6 x 90 cm, Paris, Archives nationales, CP O1 3242B, n°1	http://www2.culture.gouv.fr/documentation/archim/menus-plaisirs.html	Isarël Silvestre (d'après), <cite class="title">Premiere journée des Plaisirs de l'ile enchantée. Marche du roi et de ses chevaliers</cite>  Dessin à la pierre noire, à la plume, à l'encre noire et au lavis gris, 61,6 x 90 cm, Paris, Archives nationales, CP O1 3242B, n°1<a class="ptr" href="http://www2.culture.gouv.fr/documentation/archim/menus-plaisirs.html">http://www2.culture.gouv.fr/documentation/archim/menus-plaisirs.html</a>
img	merveilles17_img_ano13242b_002	349	Troisième journée des PLaisirs de l'île enchantée. Alcine devant son palais dressé sur le bassin des cygnes	dessin à la plume, à l'encre noire et au lavis gris, avec des traces de pierre noire, 58,5 x 89,7 cm, Paris, Archives nationales, CP O1 3242B, n° 2	http://www2.culture.gouv.fr/documentation/archim/menus-plaisirs.html	Israël Silvestre (d'après), <cite class="title">Troisième journée des PLaisirs de l'île enchantée. Alcine devant son palais dressé sur le bassin des cygnes</cite>. dessin à la plume, à l'encre noire et au lavis gris, avec des traces de pierre noire, 58,5 x 89,7 cm, Paris, Archives nationales, CP O1 3242B, n° 2<a class="ptr" href="http://www2.culture.gouv.fr/documentation/archim/menus-plaisirs.html">http://www2.culture.gouv.fr/documentation/archim/menus-plaisirs.html</a>
img	merveilles17_img_bnfestampesoa37_001	122	Première journée des Plaisirs de l'Ile enchantée. Le Printemps sur un cheval	Dessin à la pierre noire, traces d'encre brune à la plume, 48,4 x 40 cm, Paris, BNF, Estampes, OA 37(2) Fol		<cite class="title">Première journée des Plaisirs de l'Ile enchantée. Le Printemps sur un cheval</cite>Dessin à la pierre noire, traces d'encre brune à la plume, 48,4 x 40 cm, Paris, BNF, Estampes, OA 37(2) Fol
img	merveilles17_img_bnfestampesoa37_002	123	Première journée des Plaisirs de l'Ile enchantée. L'Automne sur un chameau	dessin à la pierre noire, traces d'encre brune à la plume, 51,5 x 40,8 cm, Paris, BNF, Estampes, OA 37(2) Fol		<cite class="title">Première journée des Plaisirs de l'Ile enchantée. L'Automne sur un chameau</cite>dessin à la pierre noire, traces d'encre brune à la plume, 51,5 x 40,8 cm, Paris, BNF, Estampes, OA 37(2) Fol
img	merveilles17_img_bnfestampesoa37_003	192	Première journée des Plaisirs de l'Ile enchantée. Le char d'Apollon, conduit par le Temps	Dessin à la pierre noire, 38 x 37 cm, Paris, BNF, Estampes, OA 37(2) Fol		<cite class="title">Première journée des Plaisirs de l'Ile enchantée. Le char d'Apollon, conduit par le Temps</cite>Dessin à la pierre noire, 38 x 37 cm, Paris, BNF, Estampes, OA 37(2) Fol
img	merveilles17_img_bnfestampesoa37_004	111	Cavalier au pied d'un cheval. Représentation d'un chevalier des Plaisirs de l'île enchantée ?	dessin à la pierre noire, traces d'encre brune à la plume, 42,7 x 38,2 cm, Paris, BNF, Estampes, OA 37(2) Fol		<cite class="title">Cavalier au pied d'un cheval. Représentation d'un chevalier des Plaisirs de l'île enchantée ?</cite>dessin à la pierre noire, traces d'encre brune à la plume, 42,7 x 38,2 cm, Paris, BNF, Estampes, OA 37(2) Fol
img	merveilles17_img_bnfoperaea2_034	314	Première journée des Plaisirs de l'Ile enchantée. Pan et Diane avec leur suite	Dessin à la plume, à l'encre brune et au lavis brun, 31,8 x 22 cm, Paris, BNF, BMO, Esquisses anciennes, II, 34		François Chauveau, <cite class="title">Première journée des Plaisirs de l'Ile enchantée. Pan et Diane avec leur suite</cite>, Dessin à la plume, à l'encre brune et au lavis brun, 31,8 x 22 cm, Paris, BNF, BMO, Esquisses anciennes, II, 34
img	merveilles17_img_bnfoperaea2_035	277	Première journée des Plaisirs de l'Ile enchantée. Les Saisons avec leur suite	Dessin à la plume, à l'encre brune et au lavis brun, 31,8 x 22 cm, Paris, BNF, BMO, Esquisses anciennes, II, 35		François Chauveau, <cite class="title">Première journée des Plaisirs de l'Ile enchantée. Les Saisons avec leur suite</cite>, Dessin à la plume, à l'encre brune et au lavis brun, 31,8 x 22 cm, Paris, BNF, BMO, Esquisses anciennes, II, 35
img	merveilles17_img_bradamante_001	1676	La Bradamante ridicule représentée devant le Roi. Estampe pour un écran à main	estampe à l'eau-forte, Paris, BNF, Estampes, Réserve, Coll. Hennin, QB-201 (31)-FOL, Hennin 2720		<cite class="title">La Bradamante ridicule représentée devant le Roy. Estampe pour un écran à main</cite>, estampe à l'eau-forte, Paris, BNF, Estampes, Réserve, Coll. Hennin, QB-201 (31)-FOL, Hennin 2720
img	merveilles17_img_bradamante_002	1478	La Bradamante ridicule représentée devant le Roi. Estampe pour un écran à main	estampe à l'eau forte, Paris, BNF, Estampes, Réserve, Coll. Hennin, QB-201 (31)-FOL, Hennin 2721		<cite class="title">La Bradamante ridicule représentée devant le Roi. Estampe pour un écran à main</cite>estampe à l'eau forte, Paris, BNF, Estampes, Réserve, Coll. Hennin, QB-201 (31)-FOL, Hennin 2721
img	merveilles17_img_dv1alceste	387	Première journée des Divertissemens de Versailles. Alceste tragédie en musique ornée d'entrées de ballet	Estampe, Paris, BNF, Estampes, RESERVE QB-201 (46)-FOL, Hennin 4731	https://gallica.bnf.fr/ark:/12148/btv1b8405198p/f1	Jean Lepautre, <cite class="title">Première journée des Divertissemens de Versailles. Alceste tragédie en musique ornée d'entrées de ballet</cite>. Estampe, Paris, BNF, Estampes, RESERVE QB-201 (46)-FOL, Hennin 4731  <a class="ptr" href="https://gallica.bnf.fr/ark:/12148/btv1b8405198p/f1">https://gallica.bnf.fr/ark:/12148/btv1b8405198p/f1</a>
img	merveilles17_img_dv2concerts	261	Seconde journée des Divertissemens de Versailles. Concerts de musique.	Estampe, Paris, BNF, Estampes, RESERVE QB-201 (46)-FOL, Hennin 4732	https://gallica.bnf.fr/ark:/12148/btv1b84051993/f1	François Chauveau, <cite class="title">Seconde journée des Divertissemens de Versailles. Concerts de musique.</cite>. Estampe, Paris, BNF, Estampes, RESERVE QB-201 (46)-FOL, Hennin 4732  <a class="ptr" href="https://gallica.bnf.fr/ark:/12148/btv1b84051993/f1">https://gallica.bnf.fr/ark:/12148/btv1b84051993/f1</a>
img	merveilles17_img_dv3comedie	230	Troisième journée des Divertissemens de Versailles. Le Malade Imaginaire, comédie représentée dans le jardin.	Estampe, Paris, BNF, Estampes, RESERVE QB-201 (46)-FOL, Hennin 4733	https://gallica.bnf.fr/ark:/12148/btv1b84052009/f1	Jean Lepautre, <cite class="title">Troisième journée des Divertissemens de Versailles. Le Malade Imaginaire, comédie représentée dans le jardin.</cite>. Estampe, Paris, BNF, Estampes, RESERVE QB-201 (46)-FOL, Hennin 4733  <a class="ptr" href="https://gallica.bnf.fr/ark:/12148/btv1b84052009/f1">https://gallica.bnf.fr/ark:/12148/btv1b84052009/f1</a>
img	merveilles17_img_dv4festin	341	Quatrième journée des Divertissemens de Versailles. Festin dans la cour de marbre.	Estampe, Paris, BNF, Estampes, RESERVE QB-201 (46)-FOL, Hennin 4734	https://gallica.bnf.fr/ark:/12148/btv1b8405201q/f1	Jean Lepautre, <cite class="title">Quatrième journée des Divertissemens de Versailles. Festin dans la cour de marbre.</cite>. Estampe, Paris, BNF, Estampes, RESERVE QB-201 (46)-FOL, Hennin 4734  <a class="ptr" href="https://gallica.bnf.fr/ark:/12148/btv1b8405201q/f1">https://gallica.bnf.fr/ark:/12148/btv1b8405201q/f1</a>
img	merveilles17_img_dv5feu	155	Cinquième journée des Divertissemens de Versailles. Feu d'artifice sur le canal.	Estampe, Paris, BNF, Estampes, RESERVE QB-201 (46)-FOL, Hennin 4735	https://gallica.bnf.fr/ark:/12148/btv1b84052024/f1	Jean Lepautre, <cite class="title">Cinquième journée des Divertissemens de Versailles. Feu d'artifice sur le canal.</cite>. Estampe, Paris, BNF, Estampes, RESERVE QB-201 (46)-FOL, Hennin 4735  <a class="ptr" href="https://gallica.bnf.fr/ark:/12148/btv1b84052024/f1">https://gallica.bnf.fr/ark:/12148/btv1b84052024/f1</a>
img	merveilles17_img_dv6illuminations	362	Sixième journée des Divertissemens de Versailles. Illuminations autour du grand canal.	Estampe, Paris, BNF, Estampes, RESERVE QB-201 (46)-FOL, Hennin 4736	https://gallica.bnf.fr/ark:/12148/btv1b8405203j/f1	Jean Lepautre, <cite class="title">Sixième journée des Divertissemens de Versailles. Illuminations autour du grand canal.</cite>. Estampe, Paris, BNF, Estampes, RESERVE QB-201 (46)-FOL, Hennin 4736  <a class="ptr" href="https://gallica.bnf.fr/ark:/12148/btv1b8405203j/f1">https://gallica.bnf.fr/ark:/12148/btv1b8405203j/f1</a>
img	merveilles17_img_pie1comparse	747	Première journée des Plaisirs de l'île enchantée. Le roi et ses chevaliers dans l'arène écoutant les récits d'Apollon et des quatre Siècles	Estampe, 27,6x42,3cm, Paris, BNF, Estampes, RESERVE QB-201 (46)-FOL, Hennin 4209	https://gallica.bnf.fr/ark:/12148/btv1b84047867	Jean Lepautre et Israël Silvestre, <cite class="title">Première journée des Plaisirs de l'île enchantée. Le roi et ses chevaliers dans l'arène écoutant les recits d'Apollon et des quatre Siècles</cite>. Estampe, 27,6x42,3cm, Paris, BNF, Estampes, RESERVE QB-201 (46)-FOL, Hennin 4209  <a class="ptr" href="https://gallica.bnf.fr/ark:/12148/btv1b84047867">https://gallica.bnf.fr/ark:/12148/btv1b84047867</a>
img	merveilles17_img_pie1course	399	Première journée des Plaisirs de l'île enchantée. Course de bague disputée par le roi et ses cheualiers	Estampe, 27,6 x 42 cm, Paris, BNF, Estampes, RESERVE QB-201 (46)-FOL, Hennin 4210	https://gallica.bnf.fr/ark:/12148/btv1b8431555w.r	Jean Lepautre et Israël Silvestre, <cite class="title">Première journée des Plaisirs de l'île enchantée. Course de bague disputée par le roi et ses cheualiers</cite>. Estampe, 27,6 x 42 cm, Paris, BNF, Estampes, RESERVE QB-201 (46)-FOL, Hennin 4210<a class="ptr" href="https://gallica.bnf.fr/ark:/12148/btv1b8431555w.r">https://gallica.bnf.fr/ark:/12148/btv1b8431555w.r</a>
img	merveilles17_img_pie1festin	565	Première journée des Plaisirs de l'île enchantée. Festin servi au roi, aux reines et à des dames de la cour	Estampe, 27,5 x 42,2 cm, Paris, BNF, Estampes, RESERVE QB-201 (46)-FOL, Hennin, 4212	https://gallica.bnf.fr/ark:/12148/btv1b8404789g	Jean Lepautre et Israël Silvestre, <cite class="title">Première journée des Plaisirs de l'île enchantée. Festin servi au roi, aux reines et à des dames de la cour</cite>. Estampe, 27,5 x 42,2 cm, Paris, BNF, Estampes, RESERVE QB-201 (46)-FOL, Hennin, 4212<a class="ptr" href="https://gallica.bnf.fr/ark:/12148/btv1b8404789g">https://gallica.bnf.fr/ark:/12148/btv1b8404789g</a>
img	merveilles17_img_pie1marche	694	Premiere journée des Plaisirs de l'ile enchantée. Marche du roi et de ses chevaliers	Estampe, 27,6 x 42,3 cm, Paris, BNF, Estampes, RESERVE QB-201 (46)-FOL, Hennin 4208	https://gallica.bnf.fr/ark:/12148/btv1b8404785t.r	Jean Lepautre et Israël Silvestre, <cite class="title">Premiere journée des Plaisirs de l'ile enchantée. Marche du roi et de ses chevaliers</cite>.Estampe, 27,6 x 42,3 cm, Paris, BNF, Estampes, RESERVE QB-201 (46)-FOL, Hennin 4208<a class="ptr" href="https://gallica.bnf.fr/ark:/12148/btv1b8404785t.r">https://gallica.bnf.fr/ark:/12148/btv1b8404785t.r</a>
img	merveilles17_img_pie1saisons	712	Première journée. Les quatre Saisons, Pan et Diane avec leur suite portent les plats du festin en s'adressant au roi et aux reines	Estampe, 27,6 x 42,2 cm, Paris, BNF, Estampes, RESERVE FOL-QB-201 (46), Hennin 4211	https://gallica.bnf.fr/ark:/12148/btv1b84315569.r	Jean Lepautre et Israël Silvestre, <cite class="title">Première journée. Les quatre Saisons, Pan et Diane avec leur suite portent les plats du festin en s'adressant au roi et aux reines</cite>. Estampe, 27,6 x 42,2 cm, Paris, BNF, Estampes, RESERVE FOL-QB-201 (46), Hennin 4211<a class="ptr" href="https://gallica.bnf.fr/ark:/12148/btv1b84315569.r">https://gallica.bnf.fr/ark:/12148/btv1b84315569.r</a>
img	merveilles17_img_pie2comedie	356	Seconde journée des Plaisirs de l'île enchantée. Représentation de la Princesse d'Elide dans les jardins de Versailles	Estampe, 28,2 x 42,8 cm, Paris, Estampes, RESERVE QB-201 (46)-FOL, Hennin 4213	https://gallica.bnf.fr/ark:/12148/btv1b84047904	Jean Lepautre et Israël Silvestre, <cite class="title">Seconde journée des Plaisirs de l'île enchantée. Représentation de la Princesse d'Elide dans les jardins de Versailles</cite>. Estampe, 28,2 x 42,8 cm, Paris, Estampes, RESERVE QB-201 (46)-FOL, Hennin 4213<a class="ptr" href="https://gallica.bnf.fr/ark:/12148/btv1b84047904">https://gallica.bnf.fr/ark:/12148/btv1b84047904</a>
img	merveilles17_img_pie3feu	287	Troisième journée des Plaisirs de l'île enchantée. Feu d'artifice avec la destruction du palais d'Alcine	Estampe, 28,2 x 42,9 cm, Paris, BNF, Estampes, RESERVE QB-201 (46)-FOL, Hennin 4215	https://gallica.bnf.fr/ark:/12148/btv1b8404792z	Jean Lepautre et Israël Silvestre, <cite class="title">Troisième journée des Plaisirs de l'île enchantée. Feu d'artifice avec la destruction du palais d'Alcine</cite>. Estampe, 28,2 x 42,9 cm, Paris, BNF, Estampes, RESERVE QB-201 (46)-FOL, Hennin 4215<a class="ptr" href="https://gallica.bnf.fr/ark:/12148/btv1b8404792z">https://gallica.bnf.fr/ark:/12148/btv1b8404792z</a>
img	merveilles17_img_pie3theatre	668	Troisième journée des PLaisirs de l'île enchantée. Alcine devant son palais dressé sur le bassin des cygnes	Estampe, 27,1 x 42,4 cm, Paris, BNF, Estampes, RESERVE QB-201 (46)-FOL, Hennin 4214	https://gallica.bnf.fr/ark:/12148/btv1b8404791j	Jean Lepautre et Israël Silvestre, <cite class="title">Troisième journée des PLaisirs de l'île enchantée. Alcine devant son palais dressé sur le bassin des cygnes</cite>. Estampe, 27,1 x 42,4 cm, Paris, BNF, Estampes, RESERVE QB-201 (46)-FOL, Hennin 4214<a class="ptr" href="https://gallica.bnf.fr/ark:/12148/btv1b8404791j">https://gallica.bnf.fr/ark:/12148/btv1b8404791j</a>
img	merveilles17_img_piefront	1097	Les Plaisirs de l'île enchantée. Première planche servant de frontispice	Estampe, 28 x 42,3 cm, Paris, BNF, Estampes, RESERVE QB-201 (46)-FOL, Hennin 4207	https://gallica.bnf.fr/ark:/12148/btv1b8404784d	Jean Lepautre et Israël Silvestre, <cite class="title">Les Plaisirs de l'île enchantée. Première planche servant de frontispice</cite>. Estampe, 28 x 42,3 cm, Paris, BNF, Estampes, RESERVE QB-201 (46)-FOL, Hennin 4207<a class="ptr" href="https://gallica.bnf.fr/ark:/12148/btv1b8404784d">https://gallica.bnf.fr/ark:/12148/btv1b8404784d</a>  
img	merveilles17_img_stockp22_028	136	Première journée des Plaisirs de l'Ile enchantée. L'Hiver sur un ours	dessin à la pierre noire, 41 x 32,9 cm, Stockholm, Konstakademien, portef. 22, n° 28		<cite class="title">Première journée des Plaisirs de l'Ile enchantée. L'Hiver sur un ours</cite>dessin à la pierre noire, 41 x 32,9 cm, Stockholm, Konstakademien, portef. 22, n° 28
img	merveilles17_img_stockp22_029	147	Première journée des Plaisirs de l'Ile enchantée. L'Eté sur un éléphant	dessin à la pierre noire, 44,9 x 34,9 cm, Stockholm, Konstakademien, portef. 22, n° 29		<cite class="title">Première journée des Plaisirs de l'Ile enchantée. L'Eté sur un éléphant</cite>dessin à la pierre noire, 44,9 x 34,9 cm, Stockholm, Konstakademien, portef. 22, n° 29
img	merveilles17_img_stockp22_030	122	Première journée des Plaisirs de l'Ile enchantée. Le Printemps sur un cheval	contre-épreuve d'un dessin à la pierre noire, 53 x 37,5 cm, Stockholm, Konstakademien, portef. 22, n° 30		<cite class="title">Première journée des Plaisirs de l'Ile enchantée. Le Printemps sur un cheval</cite>contre-épreuve d'un dessin à la pierre noire, 53 x 37,5 cm, Stockholm, Konstakademien, portef. 22, n° 30
img	merveilles17_img_stockp22_031	130	Première journée des Plaisirs de l'Ile enchantée. L'Automne sur un chameau	contre-épreuve d'un dessin à la pierre noire, 52 x 37,5 cm, Stockholm, Konstakademien, portef. 22, n° 31		<cite class="title">Première journée des Plaisirs de l'Ile enchantée. L'Automne sur un chameau</cite>contre-épreuve d'un dessin à la pierre noire, 52 x 37,5 cm, Stockholm, Konstakademien, portef. 22, n° 31
img	merveilles17_img_verslamb2579	104	Troisième journée des Plaisirs de l'île enchantée. Feu d'artifice tiré sur le bassin des cygnes	huile sur toile, 40,5 x 59,5 cm, Versailles, Musée Lambinet, inv. n° 2579		<cite class="title">Troisième journée des Plaisirs de l'île enchantée. Feu d'artifice tiré sur le bassin des cygnes</cite>, huile sur toile, 40,5 x 59,5 cm, Versailles, Musée Lambinet, inv. n° 2579
imp	merveilles17_imp_GalantsMaures_1685	75362	La Brillante journée ou le Carrousel des galans Maures, entrepris par Monseigneur le Dauphin, avec la comparse, les courses et des madrigaux sur les devises			Anonyme, La Brillante journée ou le Carrousel des galans Maures, entrepris par Monseigneur le Dauphin, avec la comparse, les courses et des madrigaux sur les devises, BnF, Arsenal, 4-BL-3774<a class="ptr" href=""/>
imp	merveilles17_imp_amoursdballard1664	35346	Les Amours déguisés. Ballet du roi, dansé par Sa Majesté au mois de Février 1664	Paris, BNF, département des Manuscrits, RES. YF-1050	https://gallica.bnf.fr/ark:/12148/bpt6k724678	Benserade, Isaac de ; Périgny, Octave de ; Lully, Jean-Baptiste, <em>Les Amours déguisés, Ballet du roi</em>, Paris, Ballard, 1664.Paris, BNF, département des Manuscrits, RES. YF-1050  <a class="ptr" href="https://gallica.bnf.fr/ark:/12148/bpt6k724678">https://gallica.bnf.fr/ark:/12148/bpt6k724678</a>
imp	merveilles17_imp_artsballard1663	17033	Ballet des Arts, dansé par Sa Majesté le 8 Janvier 1663			Benserade, Ballet des arts dansé par Sa Majesté le 8 Janvier 1663, Paris, Ballard, 1663. 
imp	merveilles17_imp_bussyrabutin1664_1	528	Mémoires de messire Roger de Rabutin, comte de Bussy	Tome 2, Paris, Jean Anisson, <span class="date">1696</span>, p. 292	https://archive.org/details/bub_gb_t0hsLGp1kmgC/page/n9/mode/2up	Roger de Rabutin, comte de Bussy, dit Bussy-Rabutin, <cite class="title">Mémoires de messire Roger de Rabutin, comte de Bussy</cite>. Tome 2, Paris, Jean Anisson, <span class="date">1696</span>, p. 292<a class="ptr" href="https://archive.org/details/bub_gb_t0hsLGp1kmgC/page/n9/mode/2up">https://archive.org/details/bub_gb_t0hsLGp1kmgC/page/n9/mode/2up</a>
imp	merveilles17_imp_ctb-perrault1670	148000	Courses de testes et de bagues faites par le roy et par les princes et seigneurs en l’année 1662.	Paris, Imprimerie royale, 1670. Paris, BNF, Estampes, RESERVE PD-10 (B)-BOITE FOL	https://gallica.bnf.fr/ark:/12148/btv1b53196269m	Charles Perrault, François Chauveau, Henri Gissey, Gilles Rousselet et Israël Silvestre, Courses de testes et de bagues faites par le roy et par les princes et seigneurs en l’année 1662, Paris, Imprimerie royale, 1670. Paris, BNF, Estampes, RESERVE PD-10 (B)-BOITE FOL<a class="ptr" href="https://gallica.bnf.fr/ark:/12148/btv1b53196269m">https://gallica.bnf.fr/ark:/12148/btv1b53196269m</a>
imp	merveilles17_imp_dv-felibien1676	61815	Les Divertissemens de Versailles, donnez par le Roy au retour de la conqueste de la Franche-Comté, en l’année 1674. [Par A. Félibien.].	 Paris, Imprimerie royale, <span class="date">1676</span>.	https://gallica.bnf.fr/ark:/12148/btv1b8626218b	André Félibien, <cite class="title">Les Divertissemens de Versailles, donnez par le Roy au retour de la conqueste de la Franche-Comté, en l’année 1674</cite>.  Paris, Imprimerie royale, <span class="date">1676</span>.<a class="ptr" href="https://gallica.bnf.fr/ark:/12148/btv1b8626218b">https://gallica.bnf.fr/ark:/12148/btv1b8626218b</a>
imp	merveilles17_imp_gazette16640216	4080	Recueil des gazettes nouvelles, ordinaires et extraordinaires. Relations et récits des choses avenues tant en ce royaume qu’ailleurs, pendant l’année mil six cent soixante-quatre.	Paris, Bureau d’adresse, 1664, n°21, p. 166-168.	https://gallica.bnf.fr/ark:/12148/bpt6k6441952d/f171	Renaudot Théophraste, <cite class="title">Recueil des gazettes nouvelles, ordinaires et extraordinaires. Relations et récits des choses avenues tant en ce royaume qu’ailleurs, pendant l’année mil six cent soixante-quatre.</cite>  Paris, Bureau d’adresse, 1664, n°21, p. 166-168.<a class="ptr" href="https://gallica.bnf.fr/ark:/12148/bpt6k6441952d/f171">https://gallica.bnf.fr/ark:/12148/bpt6k6441952d/f171</a>
imp	merveilles17_imp_gazette16640510	1279	Recueil des gazettes nouvelles, ordinaires et extraordinaires. Relations et récits des choses avenues tant en ce royaume qu’ailleurs, pendant l’année mil six cent soixante-quatre	Paris, Bureau d’adresse, 1664, n° 56, p. 456.	https://gallica.bnf.fr/ark:/12148/bpt6k6441952d/f461	Renaudot Théophraste, <cite class="title">Recueil des gazettes nouvelles, ordinaires et extraordinaires. Relations et récits des choses avenues tant en ce royaume qu’ailleurs, pendant l’année mil six cent soixante-quatre.</cite>  Paris, Bureau d’adresse, 1664, n° 56, p. 456.<a class="ptr" href="https://gallica.bnf.fr/ark:/12148/bpt6k6441952d/f461">https://gallica.bnf.fr/ark:/12148/bpt6k6441952d/f461</a>
imp	merveilles17_imp_gazette16640528	18044	« Les particularitez des divertissemens pris à Versailles par leurs Majestés », dans Recueil des gazettes nouvelles, ordinaires et extraordinaires. Relations et récits des choses avenues tant en ce royaume qu’ailleurs, pendant l’année mil six cent soixante-quatre.	Paris, Bureau d’adresse, 1664, n° 60, p. 481-496.	https://gallica.bnf.fr/ark:/12148/bpt6k6441952d/f486	Renaudot, Théophraste, <cite class="title">Les particularitez des divertissemens pris à Versailles par leurs Majestés », dans Recueil des gazettes nouvelles, ordinaires et extraordinaires. Relations et récits des choses avenues tant en ce royaume qu’ailleurs, pendant l’année mil six cent soixante-quatre.</cite>  Paris, Bureau d’adresse, 1664, n° 60, p. 481-496.<a class="ptr" href="https://gallica.bnf.fr/ark:/12148/bpt6k6441952d/f486">https://gallica.bnf.fr/ark:/12148/bpt6k6441952d/f486</a>
imp	merveilles17_imp_gazette16800807	16076	Journal du voyage du Roy	Paris, Bureau d’adresse, 1680, n°64, p. 389-400.	https://gallica.bnf.fr/ark:/12148/bpt6k6458075r/f389.item	Renaudot Théophraste, <cite class="title">Recueil des gazettes nouvelles, ordinaires et extraordinaires. Relations et récits des choses avenues tant en ce royaume qu’ailleurs, pendant l’année mil six cent soixante-quatre.</cite>  Paris, Bureau d’adresse, 1680, n°64, p. 389-400.<a class="ptr" href="https://gallica.bnf.fr/ark:/12148/bpt6k6458075r/f389.item">https://gallica.bnf.fr/ark:/12148/bpt6k6458075r/f389.item</a>
imp	merveilles17_imp_gazette16800808	11605	Relation de ce qui s'est passé sur le vaisseau l'Entreprenant : &amp; le combat de deux frégates en présence de Leurs Majestez à la rade de Dunkerque : Avec la suite du Journal du voyage du Roy	Paris, Bureau d’adresse, 1680, n°65, p. 401-412.	https://gallica.bnf.fr/ark:/12148/bpt6k6458075r/f389.item	Renaudot Théophraste, <cite class="title">Recueil des gazettes nouvelles, ordinaires et extraordinaires. Relations et récits des choses avenues tant en ce royaume qu’ailleurs, pendant l’année mil six cent soixante-quatre.</cite>  Paris, Bureau d’adresse, 1680, n°65, p. 401-412.<a class="ptr" href="https://gallica.bnf.fr/ark:/12148/bpt6k6458075r/f389.item">https://gallica.bnf.fr/ark:/12148/bpt6k6458075r/f389.item</a>
imp	merveilles17_imp_gdv-felibien1668	64979	 Relation de la feste de Versailles. Du dix-huitième juillet mil six cens soixante-huit. Par André Félibien. 	Paris Pierre le Petit, <span class="date">1668</span>	https://gallica.bnf.fr/ark:/12148/bpt6k1526235p	 FÉLIBIEN André <cite class="title"> Relation de la feste de Versailles. Du dix-huitième juillet mil six cens soixante-huit. Par André Félibien. </cite>Paris Pierre le Petit, <span class="date">1668</span>  <a class="ptr" href="https://gallica.bnf.fr/ark:/12148/bpt6k1526235p">https://gallica.bnf.fr/ark:/12148/bpt6k1526235p</a>  
imp	merveilles17_imp_loret16640202	2429	« Interdite », La Muze historique, Lettre V, Lettre en vers à Son Altesse Madame la Duchesse de Nemours. Du samedi 2 février 1664. 	Paris, P. Daffis, 1878, t. IV, p. 159-160.	https://gallica.bnf.fr/ark:/12148/bpt6k62135011/f173	Loret Jean, <cite class="title">La muze historique, ou Recueil des lettres en vers contenant les nouvelles du temps : écrites à Son Altesse Mademoizelle de Longueville, depuis duchesse de Nemours (1650-1665).</cite>  Paris, P. Daffis, 1878, t. IV, p. 159-160.<a class="ptr" href="https://gallica.bnf.fr/ark:/12148/bpt6k62135011/f173">https://gallica.bnf.fr/ark:/12148/bpt6k62135011/f173</a>
imp	merveilles17_imp_loret16640216	8007	« Hazardée », La Muze historique, Lettre VII en vers à Son Altesse Madame la Duchesse de Nemours. Du 16 février 1664.	Paris, P. Daffis, 1878, t. IV, p. 164-166.	https://gallica.bnf.fr/ark:/12148/bpt6k62135011/f178	Loret Jean, <cite class="title">La muze historique, ou Recueil des lettres en vers contenant les nouvelles du temps : écrites à Son Altesse Mademoizelle de Longueville, depuis duchesse de Nemours (1650-1665).</cite>  Paris, P. Daffis, 1878, t. IV, p. 164-166.<a class="ptr" href="https://gallica.bnf.fr/ark:/12148/bpt6k62135011/f178               ">https://gallica.bnf.fr/ark:/12148/bpt6k62135011/f178               </a>
imp	merveilles17_imp_loret16640510	4864	« Immanquable », La Muze historique, Lettre XVIII, Lettre en vers à Son Altesse Madame la Duchesse de Nemours. 	Paris, P. Daffis, 1878, t. IV, P. 195-197.	https://gallica.bnf.fr/ark:/12148/bpt6k62135011/f210	Loret Jean, <cite class="title">La muze historique, ou Recueil des lettres en vers contenant les nouvelles du temps : écrites à Son Altesse Mademoizelle de Longueville, depuis duchesse de Nemours (1650-1665.</cite>  Paris, P. Daffis, 1878, t. IV, P. 195-197.<a class="ptr" href="https://gallica.bnf.fr/ark:/12148/bpt6k62135011/f210">https://gallica.bnf.fr/ark:/12148/bpt6k62135011/f210</a>
imp	merveilles17_imp_loret16640517	1965	"Avertissante", La Muze historique, Lettre XIX, Lettre en vers à Son Altesse Madame la Duchesse de Nemours. Du 17 mai 1664.	Paris, P. Daffis, 1878, t. IV, p. 198.	https://gallica.bnf.fr/ark:/12148/bpt6k62135011/f212	Loret Jean, <cite class="title">La muze historique, ou Recueil des lettres en vers contenant les nouvelles du temps : écrites à Son Altesse Mademoizelle de Longueville, depuis duchesse de Nemours (1650-1665)</cite>  Paris, P. Daffis, 1878, t. IV, p. 198.<a class="ptr" href="https://gallica.bnf.fr/ark:/12148/bpt6k62135011/f212">https://gallica.bnf.fr/ark:/12148/bpt6k62135011/f212</a>  
imp	merveilles17_imp_loret16640802	4507	« Curieuse », La Muze historique, Lettre XXX, Lettre en vers à Son Altesse Madame la Duchesse de Nemours. Du samedi 2 août 1664.	Paris, P. Daffis, 1878, t. IV, p. 228-229.	https://gallica.bnf.fr/ark:/12148/bpt6k62135011/f243	Loret Jean, <cite class="title">La muze historique, ou Recueil des lettres en vers contenant les nouvelles du temps : écrites à Son Altesse Mademoizelle de Longueville, depuis duchesse de Nemours (1650-1665)</cite>  Paris, P. Daffis, 1878, t. IV, p. 228-229.<a class="ptr" href="https://gallica.bnf.fr/ark:/12148/bpt6k62135011/f243">https://gallica.bnf.fr/ark:/12148/bpt6k62135011/f243</a>
imp	merveilles17_imp_loret16640809	7240	« Régalante », La Muze historique, Lettre XXXI, Lettre en vers à Son Altesse Madame la Duchesse de Nemours. Du samedi 9 août 1664.	Paris, P. Daffis, 1878, t. IV, p. 231-233.	https://gallica.bnf.fr/ark:/12148/bpt6k62135011/f245	Loret Jean, <cite class="title">La muze historique, ou Recueil des lettres en vers contenant les nouvelles du temps : écrites à Son Altesse Mademoizelle de Longueville, depuis duchesse de Nemours (1650-1665)</cite>  Paris, P. Daffis, 1878, t. IV, p. 231-233.<a class="ptr" href="https://gallica.bnf.fr/ark:/12148/bpt6k62135011/f245">https://gallica.bnf.fr/ark:/12148/bpt6k62135011/f245</a>
imp	merveilles17_imp_mariagefballard1664_001	5955	Le mariage forcé, ballet du Roy, dansé par S. M. le 29 jour de janvier 1664	Paris, BNF, Réserve des livres rares, RES-YF-2257	https://gallica.bnf.fr/ark:/12148/bpt6k1520745x	Poquelin Jean-Baptiste, dit Molière,<em> Le mariage forcé, ballet du Roy, dansé par S. M. le 29 jour de janvier 1664</em>, Paris, Robert Ballard, 1664. Paris, BNF, Réserve des livres rares, RES-YF-2257  <a class="ptr" href="https://gallica.bnf.fr/ark:/12148/bpt6k1520745x">https://gallica.bnf.fr/ark:/12148/bpt6k1520745x</a>
imp	merveilles17_imp_ormessonmai1664	388	Journal d’Olivier Lefèvre d’Ormesson	Paris, Chéruel, 1860-1861, p. 142-143.	https://gallica.bnf.fr/ark:/12148/bpt6k6220117v/f300	Olivier Lefèvre d’Ormesson, <cite class="title">Journal d’Olivier Lefèvre d’Ormesson</cite>. Paris, Chéruel, 1860-1861, p. 142-143.<a class="ptr" href="https://gallica.bnf.fr/ark:/12148/bpt6k6220117v/f300">https://gallica.bnf.fr/ark:/12148/bpt6k6220117v/f300</a>
imp	merveilles17_imp_pie-ballard1	35578	Les plaisirs de l’isle enchantée.	Paris, Robert Ballard, 1664. Paris, BNF, Imprimés, Rés. Yf-1613	https://gallica.bnf.fr/ark:/12148/bpt6k71691f	 Benserade Isaac de, Poquelin Jean-Baptiste dit Molière et Lully Jean-Baptiste, Les plaisirs de l’isle enchantée Paris, Robert Ballard, 1664. Paris, BNF, Imprimés, Rés. Yf-1613<a class="ptr" href="https://gallica.bnf.fr/ark:/12148/bpt6k71691f">https://gallica.bnf.fr/ark:/12148/bpt6k71691f</a>
imp	merveilles17_imp_pie-ballard2	122441	Les Plaisirs de l'île enchantée : Course de bague, collation ornée de machines, comédie mêlée de danse et de musique, ballet du palais d'Alcine, feu d'artifice, et autres fêtes galantes et magnifiques, faites par le roi à Versailles, le 7 mai 1664	Paris, Ballard, 1664. Paris, BNF, département Réserve des livres rares, RES-V-497	https://gallica.bnf.fr/ark:/12148/bpt6k1526131p	<cite class="title">Les Plaisirs de l'île enchantée : Course de bague, collation ornée de machines, comédie mêlée de danse et de musique, ballet du palais d'Alcine, feu d'artifice, et autres fêtes galantes et magnifiques, faites par le roi à Versailles, le 7 mai 1664</cite>  Paris, Ballard, 1664. Paris, BNF, département Réserve des livres rares, RES-V-497<a class="ptr" href="https://gallica.bnf.fr/ark:/12148/bpt6k1526131p">https://gallica.bnf.fr/ark:/12148/bpt6k1526131p</a>
imp	merveilles17_imp_pie-guignard1668	122536	Les Plaisirs de l’isle enchantée, ou la Princesse d’Élide, comédie de M. Molière.	J. Guignard, Paris, 1668, Paris, BNF, Tolbiac, RES-YF-4192.	https://gallica.bnf.fr/ark:/12148/bpt6k1280451j	d’Aligre Michel, <cite class="title">Les Plaisirs de l’isle enchantée, ou la Princesse d’Élide, comédie de M. Molière</cite>  J. Guignard, Paris, 1668, Paris, BNF, Tolbiac, RES-YF-4192.<a class="ptr" href="https://gallica.bnf.fr/ark:/12148/bpt6k1280451j">https://gallica.bnf.fr/ark:/12148/bpt6k1280451j</a>
imp	merveilles17_imp_pie-ir1673	123420	Les plaisirs de l’isle enchantée. Course de bague; collation ornée de machines; comedie, meslée de danse et de musique; ballet du palais d’Alcine; feu d’artifice; et autres festes galantes et magnifiques faites par le Roy a Versailles le VII. May M.DC.LXIV. et continuées plusieurs autres jours	Paris, <span class="publisher">imprimerie royale</span>, <span class="date">1673</span>, Paris, BNF, Tolbiac, RES-V-498.	https://gallica.bnf.fr/ark:/12148/btv1b8626216h	Isaac de Benserade, Jean-Baptiste Poquelin, dit Molière, François Chauveau, Jean Lepautre et Israël Silvestre, <cite class="title">Les plaisirs de l’isle enchantée. Course de bague; collation ornée de machines; comedie, meslée de danse et de musique; ballet du palais d’Alcine; feu d’artifice; et autres festes galantes et magnifiques faites par le Roy a Versailles le VII. May M.DC.LXIV. et continuées plusieurs autres jours</cite>, Paris, <span class="publisher">imprimerie royale</span>, <span class="date">1673</span>, Paris, BNF, Tolbiac, RES-V-498.<a class="ptr" href="https://gallica.bnf.fr/ark:/12148/btv1b8626216h">https://gallica.bnf.fr/ark:/12148/btv1b8626216h</a>
ms	merveilles17_ms_acflagrange_001	311	Registre de La Grange (1658-1685) : précédé d’une notice biographique / publié par les soins de la Comédie-Française...[par Edouard Thierry]	Paris, <span class="publisher">J. Claye</span>, <span class="date">1876</span>.	https://gallica.bnf.fr/ark:/12148/bpt6k1462449/f157.item	Varlet Charles, sieur de La Grange, <cite class="title">Registre de La Grange (1658-1685) : précédé d’une notice biographique / publié par les soins de la Comédie-Française...[par Edouard Thierry]</cite>. Paris, <span class="publisher">J. Claye</span>, <span class="date">1876</span>.<a class="ptr" href="https://gallica.bnf.fr/ark:/12148/bpt6k1462449/f157.item">https://gallica.bnf.fr/ark:/12148/bpt6k1462449/f157.item</a>
ms	merveilles17_ms_acflagrange_002	532	Registre de La Grange (1658-1685) : précédé d’une notice biographique / publié par les soins de la Comédie-Française...[par Edouard Thierry]	Paris, <span class="publisher">J. Claye</span>, <span class="date">1876</span>.	https://gallica.bnf.fr/ark:/12148/bpt6k1462449/f158.item	Varlet Charles, sieur de La Grange, <cite class="title">Registre de La Grange (1658-1685) : précédé d’une notice biographique / publié par les soins de la Comédie-Française...[par Edouard Thierry]</cite>. Paris, <span class="publisher">J. Claye</span>, <span class="date">1876</span>.<a class="ptr" href="https://gallica.bnf.fr/ark:/12148/bpt6k1462449/f158.item">https://gallica.bnf.fr/ark:/12148/bpt6k1462449/f158.item</a>
ms	merveilles17_ms_acflagrange_003	293	Registre de La Grange (1658-1685) : précédé d’une notice biographique / publié par les soins de la Comédie-Française...[par Edouard Thierry]	Paris, <span class="publisher">J. Claye</span>, <span class="date">1876</span>.	https://gallica.bnf.fr/ark:/12148/bpt6k1462449/f162.item	Varlet Charles, sieur de La Grange, <cite class="title">Registre de La Grange (1658-1685) : précédé d’une notice biographique / publié par les soins de la Comédie-Française...[par Edouard Thierry]</cite>. Paris, <span class="publisher">J. Claye</span>, <span class="date">1876</span>.<a class="ptr" href="https://gallica.bnf.fr/ark:/12148/bpt6k1462449/f162.item">https://gallica.bnf.fr/ark:/12148/bpt6k1462449/f162.item</a>
ms	merveilles17_ms_acflagrange_004	354	Registre de La Grange (1658-1685) : précédé d’une notice biographique / publié par les soins de la Comédie-Française...[par Edouard Thierry]	Paris, <span class="publisher">J. Claye</span>, <span class="date">1876</span>.	https://gallica.bnf.fr/ark:/12148/bpt6k1462449/f164.item	Varlet Charles, sieur de La Grange, <cite class="title">Registre de La Grange (1658-1685) : précédé d’une notice biographique / publié par les soins de la Comédie-Française...[par Edouard Thierry]</cite>Paris, <span class="publisher">J. Claye</span>, <span class="date">1876</span>.<a class="ptr" href="https://gallica.bnf.fr/ark:/12148/bpt6k1462449/f164.item">https://gallica.bnf.fr/ark:/12148/bpt6k1462449/f164.item</a>
ms	merveilles17_ms_amours-philidor	14764	Les Amours Deguisez, Ballet du Roy, Dansée par Sa Majesté, au mois de Fevrier 1664. Recueilly par Philidor l’aisné en 1690	Paris, BNF, Musique, RES F-511	https://gallica.bnf.fr/ark:/12148/bpt6k2072066	Philidor André, <cite class="title">Les Amours Deguisez, Ballet du Roy, Dansée par Sa Majesté, au mois de Fevrier 1664, recueilly par Philidor l’aisné en 1690</cite>. Paris, BNF, Musique, RES F-511<a class="ptr" href="https://gallica.bnf.fr/ark:/12148/bpt6k2072066">https://gallica.bnf.fr/ark:/12148/bpt6k2072066</a>  
ms	merveilles17_ms_ankk213_025	1066	Comptes des menus plaisirs de la chambre du roi.	<span class="date">1664</span>, Paris, Archives nationales, KK 213, fol. 25v. Publié par Campardon, Nouvelles Pièces sur Molière, p. 40-41.	https://gallica.bnf.fr/ark:/12148/bpt6k205042w/f50.item	<cite class="title">Comptes des menus plaisirs de la chambre du roi</cite>.<span class="date">1664</span>, Paris, Archives nationales, KK 213, fol. 25v. Publié par Campardon, Nouvelles Pièces sur Molière, p. 40-41.<a class="ptr" href="https://gallica.bnf.fr/ark:/12148/bpt6k205042w/f50.item">https://gallica.bnf.fr/ark:/12148/bpt6k205042w/f50.item</a>
ms	merveilles17_ms_anmcrs388	3005	Marché passé entre Antoine Petit, maître charpentier, et Carlo Vigarany, entrepreneur des ballets du roi, pour la fourniture du bois destiné au théâtre des Plaisirs de l’Île enchantée à Versailles. 20 mars 1664	 Paris, Archives nationales, Minutier central, Réserve 388.	https://www.siv.archives-nationales.culture.gouv.fr/siv/media/FRAN_IR_043435/c1p74k2fww7n-msgxbz6wpmfc/FRAN_0159_05541_L	Le Normand Jacques I, <cite class="title">Marché passé entre Antoine Petit, maître charpentier, et Carlo Vigarany, entrepreneur des ballets du roi, pour la fourniture du bois destiné au théâtre des Plaisirs de l’Île enchantée à Versailles. 20 mars 1664</cite> Paris, Archives nationales, Minutier central, Réserve 388.<a class="ptr" href="https://www.siv.archives-nationales.culture.gouv.fr/siv/media/FRAN_IR_043435/c1p74k2fww7n-msgxbz6wpmfc/FRAN_0159_05541_L">https://www.siv.archives-nationales.culture.gouv.fr/siv/media/FRAN_IR_043435/c1p74k2fww7n-msgxbz6wpmfc/FRAN_0159_05541_L</a>  
ms	merveilles17_ms_ano12984_001	1590	Compte des Menus plaisirs et affaires de la Chambre du Roi de l’année 1664 rendu par Michel d’Aligre Trésorier, a été extrait ce qui suit au chapitre des Dépenses exraordinaires et inopinées.	<span class="date">1664</span> Paris, Archives nationales, O1 2984	https://www.siv.archives-nationales.culture.gouv.fr/siv/IR/FRAN_IR_000090	d’Aligre Michel, <cite class="title">Compte des Menus plaisirs et affaires de la Chambre du Roi de l’année 1664 rendu par Michel d’Aligre Trésorier, a été extrait ce qui suit au chapitre des Dépenses exraordinaires et inopinées</cite>. <span class="date">1664</span> Paris, Archives nationales, O1 2984<a class="ptr" href="https://www.siv.archives-nationales.culture.gouv.fr/siv/IR/FRAN_IR_000090">https://www.siv.archives-nationales.culture.gouv.fr/siv/IR/FRAN_IR_000090</a>
ms	merveilles17_ms_bavmscheii38_257	1579	Relazione del viaggio fatto dall’ill.mo Sig. Card.e Chigi	 Rome, Biblioteca Apostolica Vaticana, Manuscrit Chigi E.II.38, p. 257 recto – 258 verso, <span class="date">1664</span>. Texte traduit par Tristan Alonge, en ligne 	http://moliere.huma-num.fr/base.php?Stefano_Baldini%2C_Relazione_del_viaggio_fatto_dall’ill%2Emo_Sig%2E_Card%2Ee_Chigi	Baldini Sebastiano, <cite class="title">Relazione del viaggio fatto dall’ill.mo Sig. Card.e Chigi</cite>.  Rome, Biblioteca Apostolica Vaticana, Manuscrit Chigi E.II.38, p. 257 recto – 258 verso, <span class="date">1664</span>. Texte traduit par Tristan Alonge, en ligne .<a class="ptr" href="http://moliere.huma-num.fr/base.php?Stefano_Baldini%2C_Relazione_del_viaggio_fatto_dall’ill%2Emo_Sig%2E_Card%2Ee_Chigi">http://moliere.huma-num.fr/base.php?Stefano_Baldini%2C_Relazione_del_viaggio_fatto_dall’ill%2Emo_Sig%2E_Card%2Ee_Chigi</a>
ms	merveilles17_ms_bnfmscolbert268_038	753	États de la dépense et recette du Trésor royal. Copies collationnées par des commis du Trésor. 1664. Tome I : janvier-juin	 Paris, BNF, Manuscrits, Mélanges Colbert 268, fol. 34-40.	https://gallica.bnf.fr/ark:/12148/btv1b100351266/f40	<cite class="title">États de la dépense et recette du Trésor royal. Copies collationnées par des commis du Trésor. 1664. Tome I : janvier-juin</cite>. Paris, BNF, Manuscrits, Mélanges Colbert 268, fol. 34-40.<a class="ptr" href="https://gallica.bnf.fr/ark:/12148/btv1b100351266/f40">https://gallica.bnf.fr/ark:/12148/btv1b100351266/f40</a>
ms	merveilles17_ms_bnfmsfr6143	8134	Mémoire du traitement fait par la Maison du Roi à Monsieur le Cardinal Chigi.	<span class="date">1664</span>, Paris, BNF, Manuscrits, Ms. français 6143. Édition critique de Daniela Del Pesco	https://gallica.bnf.fr/ark:/12148/btv1b9063162b	Paul Fréart de Chantelou, <cite class="title">Mémoire du traitement fait par la Maison du Roi à Monsieur le Cardinal Chigi</cite>. <span class="date">1664</span>, Paris, BNF, Manuscrits, Ms. français 6143. Édition critique de Daniela Del Pesco<a class="ptr" href="https://gallica.bnf.fr/ark:/12148/btv1b9063162b">https://gallica.bnf.fr/ark:/12148/btv1b9063162b</a><a class="ptr" href="https://journals-openedition-org.distant.bu.univ-rennes2.fr/mefrim/629">https://journals-openedition-org.distant.bu.univ-rennes2.fr/mefrim/629</a>
ms	merveilles17_ms_pie-bizincourt_001	34614	« Les plaisirs de l’isle enchantée, ordonnéz par Louis XIV, roy de France et de Navarre, à Versailles, le 6 may 1664, » par DE BIZINCOURT.	Manuscrit relié aux armes du roi, Paris, BNF, Manuscrits, Ms. Français 7834	https://gallica.bnf.fr/ark:/12148/btv1b10527887j.r	De Bizincourt, <cite class="title">Les plaisirs de l’isle enchantée, ordonnéz par Louis XIV, roy de France et de Navarre, à Versailles, le 6 may 1664.</cite>Manuscrit relié aux armes du roi, Paris, BNF, Manuscrits, Ms. Français 7834.<a class="ptr" href="https://gallica.bnf.fr/ark:/12148/btv1b10527887j.r">https://gallica.bnf.fr/ark:/12148/btv1b10527887j.r</a>
ms	merveilles17_ms_pie-philidor	102938	Les Plaisirs De L'Isle Enchantée Festes Galantes, et Magnifiques, faites par Le Roy à Versailles, le 7<sup class="sup">e</sup> May 1664.	<span class="date">1690</span>, Paris, BNF, Musique, RES F-531	https://gallica.bnf.fr/ark:/12148/bpt6k2072108	Philidor André, <cite class="title">Les Plaisirs De L'Isle Enchantée Festes Galantes, et Magnifiques, faites par Le Roy à Versailles, le 7e May 1664. Copié par Philidor L'aisné</cite><span class="date">1690</span>, Paris, BNF, Musique, RES F-531.<a class="ptr" href="https://gallica.bnf.fr/ark:/12148/bpt6k2072108">https://gallica.bnf.fr/ark:/12148/bpt6k2072108</a>
ms	merveilles17_ms_versbm_fromageotaiiic	1572	Marché passé entre Denis Buret, menuisier, et Jean-Baptiste Colbert pour la construction de deux théâtres portatifs dans le salon de Versailles. 20 février 1664. Copie par Fromageot d'un original perdu.	Versailles, Bibliothèque municipale de Versailles, Collection Fromageot, A III c.		<cite class="title">Marché passé avec Denis Buret, menuisier, pour la construction de deux théâtres portatifs dans le salon de Versailles. Copie par Fromageot d'un original perdu.</cite>Versailles, Bibliothèque municipale de Versailles, Collection Fromageot, A III c.<a class="ptr" href=""/>
