document_code	personne_code	occurrence
Antilope_imp_gazette17221201	jeanclaude_forget	sieur Forget
Antilope_imp_gazette17221201	louis_henri_de_la_tour_dauvergne	Le Comte d’Evreux
Antilope_imp_gazette17221201	victormarieestree	le Mareschal d’Estrées
Antilope_imp_gazette17221201	philibert_orry	Directeur
Antilope_imp_gazette17221201	louis_de_lorraine	le Prince de Lambese
Antilope_imp_gazette17221201	jean_gedeon_andre_de_joyeuse	Marquis de Grandpré
Antilope_imp_gazette17221201	francoisdeneufvilledevilleroy	Duc de Villeroy
Antilope_imp_gazette17221201	charlesalexandre_de_lorraine	le Prince Charles de Lorraine
Antilope_imp_gazette17221201	henry_tour_auvergne	le Prince de Turene
Antilope_imp_gazette17221201	louisleonmariepotierdegesvre	le Duc de Gesvres
Antilope_imp_gazette17221201	francois_dharcourt	Le Duc d’Harcourt
Antilope_imp_gazette17221201	charlesalexandre_de_lorraine	le Prince Charles de Lorraine
Antilope_imp_gazette17221201	henry_tour_auvergne	le Prince de Turene
Antilope_imp_gazette17221201	louisleonmariepotierdegesvre	le Duc de Gesvres
Antilope_imp_gazette17221201	jean_gedeon_andre_de_joyeuse	le Marquis de Grandpré
Antilope_imp_gazette17221201	jean_gedeon_andre_de_joyeuse	le Marquis de Grandpré
Antilope_imp_gazette17221201	charles_ii_de_saint_aubin	Laon
Antilope_imp_gazette17221201	francoishonnoreantoine_de_beauvillierssaintaignan	Beauvais
Antilope_imp_gazette17221201	nicolas_charles_saulx_tavanes	Châlons
Antilope_imp_gazette17221201	charlefrancois_chateauneuf_de_rochebonne	Noyon
Antilope_imp_gazette17221201	pierre_sabatier	d’Amiens
Antilope_imp_gazette17221201	francois_firmin_trudaine	Senlis
Antilope_imp_gazette17221201	nicolasjoseph_clocquet	sieur Clocquet
Antilope_imp_gazette17221201	louis_daumont_de_rochebaron	Duc de Villequier
Antilope_imp_gazette17221201	charles_ii_de_saint_aubin	Laon
Antilope_imp_gazette17221201	francoishonnoreantoine_de_beauvillierssaintaignan	Beauvais
Antilope_imp_gazette17221201	nicolas_charles_saulx_tavanes	Châlons
Antilope_imp_gazette17221201	charlefrancois_chateauneuf_de_rochebonne	Noyon
Antilope_imp_gazette17221201	pierre_sabatier	d’Amiens
Antilope_imp_gazette17221201	francois_firmin_trudaine	Senlis
Antilope_imp_gazette17221201	nicolasjoseph_clocquet	sieur Clocquet
Antilope_imp_gazette17221201	louis_daumont_de_rochebaron	Duc de Villequier
Antilope_imp_gazette17221201	jeanbaptiste_girard	sieur Girard
Antilope_imp_gazette17221201	catherine_opalinska	Madame la Duchesse de Lorraine
Antilope_imp_gazette17221201	marie_leszczynska	Madame
Antilope_imp_gazette17221201	catherine_opalinska	Madame la Duchesse de Lorraine
Antilope_imp_gazette17221201	marie_leszczynska	Madame
Antilope_imp_gazette17221201	catherine_opalinska	Madame la Duchesse de Lorraine
Antilope_imp_gazette17221201	marie_leszczynska	Madame
Antilope_imp_gazette17221201	charles_ii_de_saint_aubin	Laon
Antilope_imp_gazette17221201	francoishonnoreantoine_de_beauvillierssaintaignan	Beauvais
Antilope_imp_gazette17221201	nicolas_charles_saulx_tavanes	Châlons
Antilope_imp_gazette17221201	charlefrancois_chateauneuf_de_rochebonne	Noyon
Antilope_imp_gazette17221201	pierre_sabatier	d’Amiens
Antilope_imp_gazette17221201	francois_firmin_trudaine	Senlis
Antilope_imp_gazette17221201	charles_ii_de_saint_aubin	Laon
Antilope_imp_gazette17221201	francoishonnoreantoine_de_beauvillierssaintaignan	Beauvais
Antilope_imp_gazette17221201	nicolas_charles_saulx_tavanes	Châlons
Antilope_imp_gazette17221201	charlefrancois_chateauneuf_de_rochebonne	Noyon
Antilope_imp_gazette17221201	pierre_sabatier	d’Amiens
Antilope_imp_gazette17221201	francois_firmin_trudaine	Senlis
Antilope_imp_gazette17221201	henri_pons_de_thiard_de_bissy	Bissy
Antilope_imp_gazette17221201	guillaume_dubois	Dubois
Antilope_imp_gazette17221201	melchior_de_polignac	de Polignac
Antilope_imp_gazette17221201	louis_ii_de_la_vergbe_de_tressan	l’Evêque de Nantes
Antilope_imp_gazette17221201	henri_de_nesmond	Toulouse
Antilope_imp_gazette17221201	francois_elie_de_voyer_de_paulny_dagenson	Bordeaux
Antilope_imp_gazette17221201	denisfrancois_bouthilier_de_chavigny	Sens
Antilope_imp_gazette17221201	francois_blouet_de_camilly	l’Evêque de Toul
Antilope_imp_gazette17221201	henri_charles_du_cambout_de_coislin	Metz
Antilope_imp_gazette17221201	charlesfrancois_des_monstiers_de_merinville	Chartres
Antilope_imp_gazette17221201	charlesfrancois_dhallencourt_de_dromesnil	Verdun
Antilope_imp_gazette17221201	christophelouis_turpin_de_crisse_de_sanzay	Rennes
Antilope_imp_gazette17221201	jeanpaulfrancois_lefevre_de_caumartin	Blois
Antilope_imp_gazette17221201	gabrielflorent_de_choiseulbeaupre	Saint Papoul
Antilope_imp_gazette17221201	jacques_begnigne_bossuet	Troyes
Antilope_imp_gazette17221201	pierrefrancois_lafitau	Cisteron
Antilope_imp_gazette17221201	francoiscesar_le_blanc	d’Avranches
Antilope_imp_gazette17221201	godefred_ii_de_conflans	Puy
Antilope_imp_gazette17221201	paulrobert_hertault_de_beaufort	Leictoure
Antilope_imp_gazette17221201	francoishonnoreantoine_de_beauvillierssaintaignan	Beauvais
Antilope_imp_gazette17221201	charlefrancois_chateauneuf_de_rochebonne	Noyon
Antilope_imp_gazette17221201	francois_firmin_trudaine	Senlis
Antilope_imp_gazette17221201	charles_ii_de_saint_aubin	Laon
Antilope_imp_gazette17221201	nicolas_charles_saulx_tavanes	Châlons
Antilope_imp_gazette17221201	pierre_sabatier	d’Amiens
Antilope_imp_gazette17221201	henri_pons_de_thiard_de_bissy	Bissy
Antilope_imp_gazette17221201	guillaume_dubois	Dubois
Antilope_imp_gazette17221201	melchior_de_polignac	de Polignac
Antilope_imp_gazette17221201	henri_de_nesmond	Toulouse
Antilope_imp_gazette17221201	francois_elie_de_voyer_de_paulny_dagenson	Bordeaux
Antilope_imp_gazette17221201	denisfrancois_bouthilier_de_chavigny	Sens
Antilope_imp_gazette17221201	louis_ii_de_la_vergbe_de_tressan	l’Evêque de Nantes
Antilope_imp_gazette17221201	francois_blouet_de_camilly	l’Evêque de Toul
Antilope_imp_gazette17221201	henri_charles_du_cambout_de_coislin	Metz
Antilope_imp_gazette17221201	charlesfrancois_des_monstiers_de_merinville	Chartres
Antilope_imp_gazette17221201	charlesfrancois_dhallencourt_de_dromesnil	Verdun
Antilope_imp_gazette17221201	christophelouis_turpin_de_crisse_de_sanzay	Rennes
Antilope_imp_gazette17221201	jeanpaulfrancois_lefevre_de_caumartin	Blois
Antilope_imp_gazette17221201	gabrielflorent_de_choiseulbeaupre	Saint Papoul
Antilope_imp_gazette17221201	jacques_begnigne_bossuet	Troyes
Antilope_imp_gazette17221201	pierrefrancois_lafitau	Cisteron
Antilope_imp_gazette17221201	francoiscesar_le_blanc	d’Avranches
Antilope_imp_gazette17221201	godefred_ii_de_conflans	Puy
Antilope_imp_gazette17221201	paulrobert_hertault_de_beaufort	Leictoure
Antilope_imp_gazette17221201	francoishonnoreantoine_de_beauvillierssaintaignan	Beauvais
Antilope_imp_gazette17221201	charlefrancois_chateauneuf_de_rochebonne	Noyon
Antilope_imp_gazette17221201	francois_firmin_trudaine	Senlis
Antilope_imp_gazette17221201	charles_ii_de_saint_aubin	Laon
Antilope_imp_gazette17221201	nicolas_charles_saulx_tavanes	Châlons
Antilope_imp_gazette17221201	pierre_sabatier	d’Amiens
Antilope_imp_gazette17221201	michel_iii_poncet_de_la_riviere	l’Evesque d’Angers
Antilope_imp_gazette17221201	michel_iii_poncet_de_la_riviere	l’Evesque d’Angers
Antilope_imp_gazette17221201	claude_fleury	Pere de Lignieres
Antilope_imp_gazette17221201	henry_tour_auvergne	le Grand Chambellan de France
Antilope_imp_gazette17221201	louisleonmariepotierdegesvre	Premier Gentilhomme de la Chambre
Antilope_imp_gazette17221201	josephfleurieuarmenonville	le Garde des Sceaux
Antilope_imp_gazette17221201	henrifrancois_daguesseau	le Chancelier
Antilope_imp_gazette17221201	charlesalexandre_de_lorraine	le Prince Charles de Lorraine
Antilope_imp_gazette17221201	marie_leszczynska	Madame
Antilope_imp_gazette17221201	marie_leszczynska	Madame
Antilope_imp_gazette17221201	josephfleurieuarmenonville	le Garde des Sceaux
Antilope_imp_gazette17221201	charlesalexandre_de_lorraine	le Prince Charles de Lorraine
Antilope_imp_gazette17221201	César de Sainte-Hermine	l’Abbé de Sainte Hermine
Antilope_imp_gazette17221201	francoishonnoreantoine_de_beauvillierssaintaignan	Sous-Chantre
Antilope_imp_gazette17221201	francois_firmin_trudaine	de Senlis
Antilope_imp_gazette17221201	charlesfrancois_dhallencourt_de_dromesnil	de Verdun
Antilope_imp_gazette17221201	louis_ii_de_la_vergbe_de_tressan	de Nantes
Antilope_imp_gazette17221201	gabrielflorent_de_choiseulbeaupre	de Saint Papoul
Antilope_imp_gazette17221201	pierre_sabatier	l’Evesque d’Amiens
Antilope_imp_gazette17221201	sieurlejeune	le Jeune
Antilope_imp_gazette17221201	favart_dherbigni	Favart
Antilope_imp_gazette17221201	pierre_sabatier	d’Amiens
Antilope_imp_gazette17221201	francois_firmin_trudaine	de Senlis
Antilope_imp_gazette17221201	charlesfrancois_dhallencourt_de_dromesnil	de Verdun
Antilope_imp_gazette17221201	louis_ii_de_la_vergbe_de_tressan	de Nantes
Antilope_imp_gazette17221201	gabrielflorent_de_choiseulbeaupre	de Saint Papoul
Antilope_imp_gazette17221201	henri_pons_de_thiard_de_bissy	le Cardinal de Bissy
Antilope_imp_gazette17221201	leon_potier_de_gesvres	le Cardinal de Gesvres
Antilope_imp_gazette17221201	guillaumedubois	le Cardinal du Bois
Antilope_imp_gazette17221201	melchior_de_polignac	le Cardinal de Polignac
Antilope_imp_gazette17221201	henri_de_nesmond	de Toulouse
Antilope_imp_gazette17221201	francois_elie_de_voyer_de_paulny_dagenson	de Bordeaux
Antilope_imp_gazette17221201	denisfrancois_bouthilier_de_chavigny	de Sens
Antilope_imp_gazette17221201	francois_blouet_de_camilly	l’Evesque de Toul
Antilope_imp_gazette17221201	henri_charles_du_cambout_de_coislin	de Metz
Antilope_imp_gazette17221201	michel_iii_poncet_de_la_riviere	d’Angers
Antilope_imp_gazette17221201	charlesfrancois_des_monstiers_de_merinville	de Chartres
Antilope_imp_gazette17221201	christophelouis_turpin_de_crisse_de_sanzay	de Rennes
Antilope_imp_gazette17221201	jeanpaulfrancois_lefevre_de_caumartin	de Blois
Antilope_imp_gazette17221201	jacques_begnigne_bossuet	de Troyes
Antilope_imp_gazette17221201	pierrefrancois_lafitau	de Cisteron
Antilope_imp_gazette17221201	francoiscesar_le_blanc	d’Avranches
Antilope_imp_gazette17221201	godefred_ii_de_conflans	du Puy
Antilope_imp_gazette17221201	paulrobert_hertault_de_beaufort	de Leitoure
Antilope_imp_gazette17221201	César de Sainte-Hermine	l’Abbé de Sainte Hermine
Antilope_imp_gazette17221201	francoishonnoreantoine_de_beauvillierssaintaignan	Sous-Chantre
Antilope_imp_gazette17221201	francois_firmin_trudaine	de Senlis
Antilope_imp_gazette17221201	charlesfrancois_dhallencourt_de_dromesnil	de Verdun
Antilope_imp_gazette17221201	louis_ii_de_la_vergbe_de_tressan	de Nantes
Antilope_imp_gazette17221201	gabrielflorent_de_choiseulbeaupre	de Saint Papoul
Antilope_imp_gazette17221201	pierre_sabatier	l’Evesque d’Amiens
Antilope_imp_gazette17221201	sieurlejeune	le Jeune
Antilope_imp_gazette17221201	favart_dherbigni	Favart
Antilope_imp_gazette17221201	francois_blouet_de_camilly	l’Evesque de Toul
Antilope_imp_gazette17221201	henri_charles_du_cambout_de_coislin	de Metz
Antilope_imp_gazette17221201	michel_iii_poncet_de_la_riviere	d’Angers
Antilope_imp_gazette17221201	charlesfrancois_des_monstiers_de_merinville	de Chartres
Antilope_imp_gazette17221201	christophelouis_turpin_de_crisse_de_sanzay	de Rennes
Antilope_imp_gazette17221201	jeanpaulfrancois_lefevre_de_caumartin	de Blois
Antilope_imp_gazette17221201	jacques_begnigne_bossuet	de Troyes
Antilope_imp_gazette17221201	pierrefrancois_lafitau	de Cisteron
Antilope_imp_gazette17221201	francoiscesar_le_blanc	d’Avranches
Antilope_imp_gazette17221201	godefred_ii_de_conflans	du Puy
Antilope_imp_gazette17221201	paulrobert_hertault_de_beaufort	de Leitoure
Antilope_imp_gazette17221201	henri_pons_de_thiard_de_bissy	le Cardinal de Bissy
Antilope_imp_gazette17221201	leon_potier_de_gesvres	le Cardinal de Gesvres
Antilope_imp_gazette17221201	guillaumedubois	le Cardinal du Bois
Antilope_imp_gazette17221201	melchior_de_polignac	le Cardinal de Polignac
Antilope_imp_gazette17221201	henri_de_nesmond	de Toulouse
Antilope_imp_gazette17221201	francois_elie_de_voyer_de_paulny_dagenson	de Bordeaux
Antilope_imp_gazette17221201	denisfrancois_bouthilier_de_chavigny	de Sens
Antilope_imp_gazette17221201	henriignace_de_brancas	l’Abbé de Brancas
Antilope_imp_gazette17221201	edmond_ii_perrot	l’Abbé de Premeaux
Antilope_imp_gazette17221201	josephalphonse_de_valbelle_tourves	de Valbelle
Antilope_imp_gazette17221201	francois_de_vabelle_tourves	l’Evesque de Saint Omer
Antilope_imp_gazette17221201	charles_du_plessis_dargentre	d’Argentré
Antilope_imp_gazette17221201	charles_louis_de_froulay	de Froulay
Antilope_imp_gazette17221201	jean_de_caulet	Caulet
Antilope_imp_gazette17221201	henri_hubert_de_courtavel_de_peze	de Pezé
Antilope_imp_gazette17221201	charles_armelot	Amelot
Antilope_imp_gazette17221201	jerome_bignon_de_blanzy	Bignon de Blanzy
Antilope_imp_gazette17221201	michel_robert_le_peletier_des_forts	le Pelletier des Forts
Antilope_imp_gazette17221201	henri_charles_arnauld_de_pomponne	l’Abbé de Pomponne
Antilope_imp_gazette17221201	charle_francois_de_vintimille_du_luc	le Comte du Luc
Antilope_imp_gazette17221201	nicolas_prosper_bauyn_dangervilliers	d’Angervilliers
Antilope_imp_gazette17221201	rene_louis_de_voyer_de_paulmy	d’Argenson
Antilope_imp_gazette17221201	charlesgasparddodun	Dodun
Antilope_imp_gazette17221201	henri_francois_lambert_dherbigny	d’Herbigny
Antilope_imp_gazette17221201	guillaume_francois_de_la_chevardiere	de la Grandville
Antilope_imp_gazette17221201	philibert_orry	Orry
Antilope_imp_gazette17221201	claude_aubery_de_vastan	de Vastan
Antilope_imp_gazette17221201	gaspard_moise_augustin_de_fontanieu	de Fontanieu
Antilope_imp_gazette17221201	louis_germain_de_talhouet	de Talhoët
Antilope_imp_gazette17221201	niclas_ravot_dombreval	d’Ombreval
Antilope_imp_gazette17221201	michel_robert_le_peletiers_des_forts	le Pelletier
Antilope_imp_gazette17221201	jean_perrin	Perrin
Antilope_imp_gazette17221201	francois_poisson	Poisson
Antilope_imp_gazette17221201	jean_charles_joseph_le_noir	le Noir
Antilope_imp_gazette17221201	rene_francois_archambault	Archambault
Antilope_imp_gazette17221201	michel_francois_louis_carpot	Carpot
Antilope_imp_gazette17221201	henriignace_de_brancas	l’Abbé de Brancas
Antilope_imp_gazette17221201	edmond_ii_perrot	l’Abbé de Premeaux
Antilope_imp_gazette17221201	josephalphonse_de_valbelle_tourves	de Valbelle
Antilope_imp_gazette17221201	charles_du_plessis_dargentre	d’Argentré
Antilope_imp_gazette17221201	charles_louis_de_froulay	de Froulay
Antilope_imp_gazette17221201	jean_de_caulet	Caulet
Antilope_imp_gazette17221201	henri_hubert_de_courtavel_de_peze	de Pezé
Antilope_imp_gazette17221201	charles_armelot	Amelot
Antilope_imp_gazette17221201	jerome_bignon_de_blanzy	Bignon de Blanzy
Antilope_imp_gazette17221201	michel_robert_le_peletier_des_forts	le Pelletier des Forts
Antilope_imp_gazette17221201	henri_charles_arnauld_de_pomponne	l’Abbé de Pomponne
Antilope_imp_gazette17221201	charle_francois_de_vintimille_du_luc	le Comte du Luc
Antilope_imp_gazette17221201	nicolas_prosper_bauyn_dangervilliers	d’Angervilliers
Antilope_imp_gazette17221201	rene_louis_de_voyer_de_paulmy	d’Argenson
Antilope_imp_gazette17221201	charlesgasparddodun	Dodun
Antilope_imp_gazette17221201	henri_francois_lambert_dherbigny	d’Herbigny
Antilope_imp_gazette17221201	guillaume_francois_de_la_chevardiere	de la Grandville
Antilope_imp_gazette17221201	philibert_orry	Orry
Antilope_imp_gazette17221201	claude_aubery_de_vastan	de Vastan
Antilope_imp_gazette17221201	gaspard_moise_augustin_de_fontanieu	de Fontanieu
Antilope_imp_gazette17221201	louis_germain_de_talhouet	de Talhoët
Antilope_imp_gazette17221201	niclas_ravot_dombreval	d’Ombreval
Antilope_imp_gazette17221201	michel_robert_le_peletiers_des_forts	le Pelletier
Antilope_imp_gazette17221201	jean_perrin	Perrin
Antilope_imp_gazette17221201	francois_poisson	Poisson
Antilope_imp_gazette17221201	jean_charles_joseph_le_noir	le Noir
Antilope_imp_gazette17221201	rene_francois_archambault	Archambault
Antilope_imp_gazette17221201	michel_francois_louis_carpot	Carpot
Antilope_imp_gazette17221201	victormarieestree	Le Mareschal d’Estrées
Antilope_imp_gazette17221201	rene_de_froulay_de_tesse	le Mareschal de Tessé
Antilope_imp_gazette17221201	louis_ii_phelypeaux_de_la_vrilliere	Le Marquis de la Vrilliere
Antilope_imp_gazette17221201	jeanfrederic_phelypeaux_maurepas	le Comte de Maurepas
Antilope_imp_gazette17221201	claude_le_blanc	le sieur le Blanc
Antilope_imp_gazette17221201	claude_auguste_de_goyon_de_matignon	de Matignon
Antilope_imp_gazette17221201	jacques_bazin_de_bezons	de Bezons
Antilope_imp_gazette17221201	victormarieestree	Le Mareschal d’Estrées
Antilope_imp_gazette17221201	rene_de_froulay_de_tesse	le Mareschal de Tessé
Antilope_imp_gazette17221201	louis_ii_phelypeaux_de_la_vrilliere	Le Marquis de la Vrilliere
Antilope_imp_gazette17221201	jeanfrederic_phelypeaux_maurepas	le Comte de Maurepas
Antilope_imp_gazette17221201	claude_le_blanc	le sieur le Blanc
Antilope_imp_gazette17221201	claude_auguste_de_goyon_de_matignon	de Matignon
Antilope_imp_gazette17221201	jacques_bazin_de_bezons	de Bezons
Antilope_imp_gazette17221201	patricio_laules	d’Espagne
Antilope_imp_gazette17221201	perone	de Sardaigne
Antilope_imp_gazette17221201	jean_jacques_de_mesmes	de Malte
Antilope_imp_gazette17221201	nicolas_ii_de_sainctot	Chevalier de Sainctot
Antilope_imp_gazette17221201	jacques_ii_remond	le sieur de Remond
Antilope_imp_gazette17221201	marie_leszczynska	Madame
Antilope_imp_gazette17221201	catherine_opalinska	Madame la Duchesse de Lorraine
Antilope_imp_gazette17221201	manuel_francois_de_portugal	L'Infant Don Emanuel
Antilope_imp_gazette17221201	jean_v_de_portugal	Roy
Antilope_imp_gazette17221201	marie_leszczynska	Madame
Antilope_imp_gazette17221201	patricio_laules	d’Espagne
Antilope_imp_gazette17221201	perone	de Sardaigne
Antilope_imp_gazette17221201	jean_jacques_de_mesmes	de Malte
Antilope_imp_gazette17221201	nicolas_ii_de_sainctot	Chevalier de Sainctot
Antilope_imp_gazette17221201	jacques_ii_remond	le sieur de Remond
Antilope_imp_gazette17221201	marie_leszczynska	Madame
Antilope_imp_gazette17221201	catherine_opalinska	Madame la Duchesse de Lorraine
Antilope_imp_gazette17221201	manuel_francois_de_portugal	L'Infant Don Emanuel
Antilope_imp_gazette17221201	louis_de_france	le Duc de Bourgogne
Antilope_imp_gazette17221201	charles_de_habsbourg	le Comte de Flandres
Antilope_imp_gazette17221201	charles_ii_de_saint_aubin	l’Evesque Duc de Laon
Antilope_imp_gazette17221201	francoishonnoreantoine_de_beauvillierssaintaignan	l’Evesque Comte de Beauvais
Antilope_imp_gazette17221201	charles_ii_de_saint_aubin	le Chantre
Antilope_imp_gazette17221201	francoishonnoreantoine_de_beauvillierssaintaignan	le Sous-Chantre
Antilope_imp_gazette17221201	charles_ii_de_saint_aubin	de Laon
Antilope_imp_gazette17221201	francoishonnoreantoine_de_beauvillierssaintaignan	de Beauvais
Antilope_imp_gazette17221201	charles_ii_de_saint_aubin	le Chantre
Antilope_imp_gazette17221201	charles_ii_de_saint_aubin	l'Evesque de Laon
Antilope_imp_gazette17221201	henry_tour_auvergne	le Prince de Turenne
Antilope_imp_gazette17221201	charles_ii_de_saint_aubin	Le Chantre
Antilope_imp_gazette17221201	henry_tour_auvergne	le Grand Chambellan
Antilope_imp_gazette17221201	charles_ii_de_saint_aubin	le Chantre
Antilope_imp_gazette17221201	charles_ii_de_saint_aubin	l’Evesque de Laon
Antilope_imp_gazette17221201	charles_ii_de_saint_aubin	l’Evesque de Laon
Antilope_imp_gazette17221201	francoishonnoreantoine_de_beauvillierssaintaignan	l’Evesque de Beauvais
Antilope_imp_gazette17221201	charles_ii_de_saint_aubin	L'Evesque de Laon
Antilope_imp_gazette17221201	francoishonnoreantoine_de_beauvillierssaintaignan	l’Evesque de Beauvais
Antilope_imp_gazette17221201	louis_ier_du_bouchet	le Comte de Montsoreau
Antilope_imp_gazette17221201	charles_ii_de_saint_aubin	de Laon
Antilope_imp_gazette17221201	francoishonnoreantoine_de_beauvillierssaintaignan	de Beauvais
Antilope_imp_gazette17221201	francois_mace_le_tellier_de_louvois	Marquis de Courtenvaux
Antilope_imp_gazette17221201	joseph_henry_de_bogue	sieur de Bogue
Antilope_imp_gazette17221201	sieurgrangessenior	sieur des Granges son pere
Antilope_imp_gazette17221201	claude_auguste_de_goyon_de_matignon	le Comte de Matignon
Antilope_imp_gazette17221201	jacque_eleonor_rouxel_de_grancey	le Comte de Medavy
Antilope_imp_gazette17221201	louis_vincent_de_goesbriand	le Marquis de Goesbriant
Antilope_imp_gazette17221201	claude_louis_hector_de_villars	Le Mareschal Duc de Villars
Antilope_imp_gazette17221201	milletsr	Millet
Antilope_imp_gazette17221201	de_varenne_sr	de Varenne
Antilope_imp_gazette17221201	charles_ii_de_saint_aubin	l’Evesque de Laon
Antilope_imp_gazette17221201	francoishonnoreantoine_de_beauvillierssaintaignan	l’Evesque de Beauvais
Antilope_imp_gazette17221201	charles_ii_de_saint_aubin	l’Evesque de Laon
Antilope_imp_gazette17221201	francoishonnoreantoine_de_beauvillierssaintaignan	l’Evesque de Beauvais
Antilope_imp_gazette17221201	claude_auguste_de_goyon_de_matignon	le Comte de Matignon
Antilope_imp_gazette17221201	jacque_eleonor_rouxel_de_grancey	le Comte de Medavy
Antilope_imp_gazette17221201	louis_vincent_de_goesbriand	le Marquis de Goesbriant
Antilope_imp_gazette17221201	claude_louis_hector_de_villars	Le Mareschal Duc de Villars
Antilope_imp_gazette17221201	milletsr	Millet
Antilope_imp_gazette17221201	de_varenne_sr	de Varenne
Antilope_imp_gazette17221201	charlesalexandre_de_lorraine	Prince Charles de Lorraine
Antilope_imp_gazette17221201	francoisdeneufvilledevilleroy	le Duc de Villeroy
Antilope_imp_gazette17221201	francois_dharcourt	le Duc d’Harcourt
Antilope_imp_gazette17221201	josephfleurieuarmenonville	Le sieur d’Armenonville
Antilope_imp_gazette17221201	henry_tour_auvergne	le Prince de Turene
Antilope_imp_gazette17221201	louis_daumont_de_rochebaron	le Duc de Villequier
Antilope_imp_gazette17221201	josephfleurieuarmenonville	Le sieur d’Armenonville
Antilope_imp_gazette17221201	louis_daumont_de_rochebaron	le Duc de Villequier
Antilope_imp_gazette17221201	charles_ii_de_saint_aubin	Laon
Antilope_imp_gazette17221201	francoishonnoreantoine_de_beauvillierssaintaignan	Beauvais
Antilope_imp_gazette17221201	francoisdeneufvilledevilleroy	Duc de Villeroy
Antilope_imp_gazette17221201	francois_dharcourt	>le Duc d’Harcourt
Antilope_imp_gazette17221201	francois_mace_le_tellier_de_louvois	le Marquis de Courtenvaux
Antilope_imp_gazette17221201	charles_cesar_flahaut_de_la_billarderie	la Billarderie
Antilope_imp_gazette17221201	paul_francois_de_la_grange	de la Grange
Antilope_imp_gazette17221201	claude_louis_hector_de_villars	Le Mareschal de Villars
Antilope_imp_gazette17221201	josephfleurieuarmenonville	Le Garde des Sceaux
Antilope_imp_gazette17221201	claude_louis_hector_de_villars	Connestable
Antilope_imp_gazette17221201	josephfleurieuarmenonville	le Chancelier
Antilope_imp_gazette17221201	henry_tour_auvergne	le Prince de Turene
Antilope_imp_gazette17221201	louis_daumont_de_rochebaron	le Duc de Villequier
Antilope_imp_gazette17221201	charlesalexandre_de_lorraine	Le Prince Charles de Lorraine
Antilope_imp_gazette17221201	peregaudart	Pere Gaudart
Antilope_imp_gazette17221201	claude_de_romance	Romance
Antilope_imp_gazette17221201	godet	Godet
Antilope_imp_gazette17221201	de_sainte_catherine_chevalier	de Sainte Catherine
Antilope_imp_gazette17221201	louis_alexandre_dauger	Baron de Neuvisy
Antilope_imp_gazette17221201	Clignet	sieur Clignet
Antilope_imp_gazette17221201	jean_francois_de_bourlamaque	le sieur de Bourlamaque
Antilope_imp_gazette17221201	herucle_louis_turinetti	Le Marquis de Prie
Antilope_imp_gazette17221201	francois_destaing	le Comte d’Estaing
Antilope_imp_gazette17221201	yves_dalegere	le Marquis d’Alegre
Antilope_imp_gazette17221201	marc_de_beauvau_craon	le Marquis de Beauvau
Antilope_imp_gazette17221201	peregaudart	Grand Prieur de l’Abbaye de Saint Remy
Antilope_imp_gazette17221201	peregaudart	Prelat
Antilope_imp_gazette17221201	peregaudart	le Grand Prieur
Antilope_imp_gazette17221201	jean_francois_de_bourlamaque	le sieur de Bourlamaque
Antilope_imp_gazette17221201	herucle_louis_turinetti	Le Marquis de Prie
Antilope_imp_gazette17221201	francois_destaing	le Comte d’Estaing
Antilope_imp_gazette17221201	yves_dalegere	le Marquis d’Alegre
Antilope_imp_gazette17221201	marc_de_beauvau_craon	le Marquis de Beauvau
Antilope_imp_gazette17221201	peregaudart	le Grand Prieur
Antilope_imp_gazette17221201	claude_de_romance	Romance
Antilope_imp_gazette17221201	godet	Godet
Antilope_imp_gazette17221201	de_sainte_catherine_chevalier	de Sainte Catherine
Antilope_imp_gazette17221201	Clignet	sieur Clignet
Antilope_imp_gazette17221201	charles_ii_de_saint_aubin	de Laon
Antilope_imp_gazette17221201	francoishonnoreantoine_de_beauvillierssaintaignan	de Beauvais
Antilope_imp_gazette17221201	charles_ii_de_saint_aubin	de Laon
Antilope_imp_gazette17221201	francoishonnoreantoine_de_beauvillierssaintaignan	de Beauvais
Antilope_imp_gazette17221201	charles_ii_de_saint_aubin	de Laon
Antilope_imp_gazette17221201	francoishonnoreantoine_de_beauvillierssaintaignan	de Beauvais
Antilope_imp_gazette17221201	louis_daumont_de_rochebaron	Le Duc de Villequier
Antilope_imp_gazette17221201	louis_de_nyert	sieur de Nyert
Antilope_imp_gazette17221201	charlesalexandre_de_lorraine	le Prince Charles de Lorraine
Antilope_imp_gazette17221201	georges_rene_binet	au sieur Binet
Antilope_imp_gazette17221201	henry_tour_auvergne	le Prince de Turene
Antilope_imp_gazette17221201	louis_de_france	le Duc de Bourgogne
Antilope_imp_gazette17221201	claude_louis_hector_de_villars	Mareschal Duc de Villars
Antilope_imp_gazette17221201	peregaudart	le Grand Prieur de l’Abbaye de Saint Remy
Antilope_imp_gazette17221201	peregaudart	Prelat
Antilope_imp_gazette17221201	peregaudart	il
Antilope_imp_gazette17221201	francois_firmin_trudaine	de Senlis
Antilope_imp_gazette17221201	charlesfrancois_dhallencourt_de_dromesnil	de Verdun
Antilope_imp_gazette17221201	louis_ii_de_la_vergbe_de_tressan	de Nantes
Antilope_imp_gazette17221201	gabrielflorent_de_choiseulbeaupre	de Saint Papoul
Antilope_imp_gazette17221201	charles_ii_de_saint_aubin	de Laon
Antilope_imp_gazette17221201	francoishonnoreantoine_de_beauvillierssaintaignan	de Beauvais
Antilope_imp_gazette17221201	charles_ii_de_saint_aubin	de Laon
Antilope_imp_gazette17221201	francoishonnoreantoine_de_beauvillierssaintaignan	de Beauvais
Antilope_imp_gazette17221201	henry_tour_auvergne	Prince de Turene
Antilope_imp_gazette17221201	louis_de_nyert	sieur de Nyert
Antilope_imp_gazette17221201	louis_de_nyert	il
Antilope_imp_gazette17221201	josephfleurieuarmenonville	le sieur d’Armenonville
Antilope_imp_gazette17221201	louis_de_france	le Duc de Bourgogne
Antilope_imp_gazette17221201	charles_de_habsbourg	le Comte de Flandres
Antilope_imp_gazette17221201	charles_ii_de_saint_aubin	l’Eveque Duc de Laon
Antilope_imp_gazette17221201	nicolas_charles_saulx_tavanes	l’Evêque Comte de Châlons
Antilope_imp_gazette17221201	francois_louis_de_clermont_tonnerre	l’Evêque Duc de Langres
Antilope_imp_gazette17221201	francoishonnoreantoine_de_beauvillierssaintaignan	l’Evêque Comte de Beauvais
Antilope_imp_gazette17221201	charlefrancois_chateauneuf_de_rochebonne	l’Evêque Comte de Noyon
Antilope_imp_gazette17221201	nicolas_charles_saulx_tavanes	l’Evêque Comte de Châlons
Antilope_imp_gazette17221201	charlefrancois_chateauneuf_de_rochebonne	l’Evêque Comte de Noyon
Antilope_imp_gazette17221201	josephfleurieuarmenonville	Le Garde des Sceaux de France
Antilope_imp_gazette17221201	charles_ii_de_saint_aubin	l’Eveque Duc de Laon
Antilope_imp_gazette17221201	francoishonnoreantoine_de_beauvillierssaintaignan	l’Evêque Comte de Beauvais
Antilope_imp_gazette17221201	charlefrancois_chateauneuf_de_rochebonne	l’Evêque Comte de Noyon
Antilope_imp_gazette17221201	josephfleurieuarmenonville	Le Garde des Sceaux de France
Antilope_imp_gazette17221201	claude_louis_hector_de_villars	Duc de Villars
Antilope_imp_gazette17221201	francoisdeneufvilledevilleroy	Le Duc de Villeroy
Antilope_imp_gazette17221201	francois_dharcourt	le Duc d’Harcourt
Antilope_imp_gazette17221201	charlesalexandre_de_lorraine	Prince Charles de Lorraine
Antilope_imp_gazette17221201	josephfleurieuarmenonville	Le Garde des Sceaux
Antilope_imp_gazette17221201	henry_tour_auvergne	le Prince de Turene
Antilope_imp_gazette17221201	louis_daumont_de_rochebaron	le Duc de Villequier
Antilope_imp_gazette17221201	charles_ii_de_saint_aubin	le Chantre
Antilope_imp_gazette17221201	francoishonnoreantoine_de_beauvillierssaintaignan	le Sous-Chantre
Antilope_imp_gazette17221201	guinaut_abbe	l’Abbé Guinaut
Antilope_imp_gazette17221201	pierre_sabatier	l’Evêque d’Amiens
Antilope_imp_gazette17221201	louis_de_france	le Duc de Bourgogne
Antilope_imp_gazette17221201	marie_leszczynska	Madame
Antilope_imp_gazette17221201	favart_dherbigni	d’un Chanoine Diacre
Antilope_imp_gazette17221201	claude_auguste_de_goyon_de_matignon	Comte de Matignon
Antilope_imp_gazette17221201	jacque_eleonor_rouxel_de_grancey	Comte de Medavy
Antilope_imp_gazette17221201	louis_vincent_de_goesbriand	au Marquis de Goesbriant
Antilope_imp_gazette17221201	josephfleurieuarmenonville	le Garde de Sceaux
Antilope_imp_gazette17221201	claude_louis_hector_de_villars	le Mareschal Duc de Villars
Antilope_imp_gazette17221201	charlesalexandre_de_lorraine	Le Prince Charles de Lorraine
Antilope_imp_gazette17221201	henry_tour_auvergne	le Grand Chambellan
Antilope_imp_gazette17221201	louis_daumont_de_rochebaron	le Premier Gentilhomme de la Chambre
Antilope_imp_gazette17221201	rene_de_froulay_de_tesse	Mareschal de Tesse
Antilope_imp_gazette17221201	louis_vincent_de_goesbriand	Marquis de Goesbriant
Antilope_imp_gazette17221201	jacque_eleonor_rouxel_de_grancey	du Comte de Medavy,
Antilope_imp_gazette17221201	claude_auguste_de_goyon_de_matignon	du Comte de Matignon
Antilope_imp_gazette17221201	josephfleurieuarmenonville	le Garde de Sceaux
Antilope_imp_gazette17221201	charlesalexandre_de_lorraine	Le Prince Charles de Lorraine
Antilope_imp_gazette17221201	henry_tour_auvergne	le Grand Chambellan
Antilope_imp_gazette17221201	louis_daumont_de_rochebaron	le Premier Gentilhomme de la Chambre
Antilope_imp_gazette17221201	rene_de_froulay_de_tesse	Mareschal de Tesse
Antilope_imp_gazette17221201	louis_vincent_de_goesbriand	Marquis de Goesbriant
Antilope_imp_gazette17221201	jacque_eleonor_rouxel_de_grancey	du Comte de Medavy,
Antilope_imp_gazette17221201	claude_auguste_de_goyon_de_matignon	du Comte de Matignon
Antilope_imp_gazette17221201	louis_de_france	Duc de Bourgogne
Antilope_imp_gazette17221201	henry_tour_auvergne	le Grand Chambellan de France
Antilope_imp_gazette17221201	louisleonmariepotierdegesvre	le Premier Gentilhomme de la Chambre
Antilope_imp_gazette17221201	rene_de_froulay_de_tesse	Mareschal de Tessé
Antilope_imp_gazette17221201	victormarieestree	le Mareschal d’Estrées
Antilope_imp_gazette17221201	louis_de_france	Duc de Bourgogne
Antilope_imp_gazette17221201	henri_charles_du_cambout_de_coislin	l’Evêque de Metz
Antilope_imp_gazette17221201	rene_de_froulay_de_tesse	Mareschal de Tessé
Antilope_imp_gazette17221201	victormarieestree	le Mareschal d’Estrées
Antilope_imp_gazette17221201	henri_charles_du_cambout_de_coislin	l’Evêque de Metz
Antilope_imp_gazette17221201	victormarieestree	Mareschal d’Estrées
Antilope_imp_gazette17221201	louis_ier_du_bouchet	le Comte de Montsoreau
Antilope_imp_gazette17221201	francois_mace_le_tellier_de_louvois	le Marquis de Courtenvaux
Antilope_imp_gazette17221201	victormarieestree	Le Mareschal d’Estrées
Antilope_imp_gazette17221201	rene_de_froulay_de_tesse	le Mareschal de Tessé
Antilope_imp_gazette17221201	claude_louis_hector_de_villars	Mareschal Duc de Villars
Antilope_imp_gazette17221201	charlesalexandre_de_lorraine	Le Prince Charles de Lorraine
Antilope_imp_gazette17221201	francoisdeneufvilledevilleroy	de Villeroy
Antilope_imp_gazette17221201	francois_dharcourt	d’Harcourt
Antilope_imp_gazette17221201	louis_de_france	Duc de Bourgogne
Antilope_imp_gazette17221201	josephfleurieuarmenonville	Le Garde des Sceaux
Antilope_imp_gazette17221201	henry_tour_auvergne	le Prince de Turene
Antilope_imp_gazette17221201	louis_daumont_de_rochebaron	le Duc de Villequier
Antilope_imp_gazette17221201	peregaudart	le Grand Prieur de l’Abbaye de Saint Remy
Antilope_imp_gazette17221201	rene_de_froulay_de_tesse	Mareschal de Tessé
Antilope_imp_gazette17221201	henry_tour_auvergne	le Grand Chambellan de France
Antilope_imp_gazette17221201	catherine_opalinska	Madame la Duchesse de Lorraine
Antilope_imp_gazette17221201	charles_timoleon_louis_de_cosse	le Duc de Brissac
Antilope_imp_gazette17221201	marc_antoine_front_de_beaupoil_de_saint_aulaire	Marquis de Lanmary
Antilope_imp_gazette17221201	francois_alexandre_aubert_de_la_chesnaye_desbois	Marquis de la Chesnaye
Antilope_imp_gazette17221201	charles_timoleon_louis_de_cosse	le Duc de Brissac
Antilope_imp_gazette17221201	francois_alexandre_aubert_de_la_chesnaye_desbois	Le Marquis de la Chesnaye
Antilope_imp_gazette17221201	claude_auguste_de_goyon_de_matignon	le Comte de Matignon
Antilope_imp_gazette17221201	jacque_eleonor_rouxel_de_grancey	le Comte de Medavy
Antilope_imp_gazette17221201	louis_vincent_de_goesbriand	le Marquis de Goesbriant
Antilope_imp_gazette17221201	victormarieestree	Mareschal d’Estrées
Antilope_imp_gazette17221201	rene_de_froulay_de_tesse	de Tessé
Antilope_imp_gazette17221201	henry_tour_auvergne	le Prince de Turene
Antilope_imp_gazette17221201	louis_daumont_de_rochebaron	le Duc de Villequier
Antilope_imp_gazette17221201	claude_louis_hector_de_villars	du Mareschal Duc de Villars
Antilope_imp_gazette17221201	francoisdeneufvilledevilleroy	de Villeroy
Antilope_imp_gazette17221201	francois_dharcourt	d’Harcourt
Antilope_imp_gazette17221201	claude_auguste_de_goyon_de_matignon	le Comte de Matignon
Antilope_imp_gazette17221201	jacque_eleonor_rouxel_de_grancey	le Comte de Medavy
Antilope_imp_gazette17221201	louis_vincent_de_goesbriand	le Marquis de Goesbriant
Antilope_imp_gazette17221201	victormarieestree	Mareschal d’Estrées
Antilope_imp_gazette17221201	rene_de_froulay_de_tesse	de Tessé
Antilope_imp_gazette17221201	henry_tour_auvergne	le Prince de Turene
Antilope_imp_gazette17221201	louis_daumont_de_rochebaron	le Duc de Villequier
Antilope_imp_gazette17221201	claude_louis_hector_de_villars	du Mareschal Duc de Villars
Antilope_imp_gazette17221201	francoisdeneufvilledevilleroy	de Villeroy
Antilope_imp_gazette17221201	francois_dharcourt	d’Harcourt
Antilope_imp_gazette17221201	louis_de_france	le Duc de Bourgogne
Antilope_imp_gazette17221201	charlesalexandre_de_lorraine	le Prince Charles de Lorraine
Antilope_imp_gazette17221201	josephfleurieuarmenonville	le Garde des Sceaux
Antilope_imp_gazette17221201	charlesalexandre_de_lorraine	le Prince Charles de Lorraine
Antilope_imp_gazette17221201	josephfleurieuarmenonville	le Garde des Sceaux
Antilope_imp_gazette17221201	victormarieestree	d’Estrées
Antilope_imp_gazette17221201	rene_de_froulay_de_tesse	de Tessé
Antilope_imp_gazette17221201	claude_louis_hector_de_villars	Le Mareschal Duc de Villars
Antilope_imp_gazette17221201	charlesalexandre_de_lorraine	Le Prince Charles de Lorraine
Antilope_imp_gazette17221201	francoisdeneufvilledevilleroy	Villeroy
Antilope_imp_gazette17221201	francois_dharcourt	d’Harcourt
Antilope_imp_gazette17221201	charles_timoleon_louis_de_cosse	Le Grand Pannetier
Antilope_imp_gazette17221201	marc_antoine_front_de_beaupoil_de_saint_aulaire	le Grand Echanson
Antilope_imp_gazette17221201	francois_alexandre_aubert_de_la_chesnaye_desbois	le Grand Ecuyer Tranchant
Antilope_imp_gazette17221201	charles_timoleon_louis_de_cosse	Duc de Brissac
Antilope_imp_gazette17221201	charles_ii_de_saint_aubin	L'Evesque, Duc de Laon
Antilope_imp_gazette17221201	nicolas_charles_saulx_tavanes	l’Evesque, Comte de Châlons
Antilope_imp_gazette17221201	francois_louis_de_clermont_tonnerre	l’Evesque Duc de Langres
Antilope_imp_gazette17221201	francoishonnoreantoine_de_beauvillierssaintaignan	l’Evesque Comte de Beauvais,
Antilope_imp_gazette17221201	charlefrancois_chateauneuf_de_rochebonne	l’Evesque Comte de Noyon
Antilope_imp_gazette17221201	nicolas_charles_saulx_tavanes	l’Evesque Comte de Châlons
Antilope_imp_gazette17221201	charlefrancois_chateauneuf_de_rochebonne	l’Evesque Comte de Noyon
Antilope_imp_gazette17221201	pierre_sabatier	d’Amiens
Antilope_imp_gazette17221201	francois_firmin_trudaine	Senlis
Antilope_imp_gazette17221201	louis_de_france	le Duc de Bourgogne
Antilope_imp_gazette17221201	charles_de_habsbourg	le Comte de Flandres
Antilope_imp_gazette17221201	patricio_laules	l’Ambassadeur d’Espagne
Antilope_imp_gazette17221201	perone	l’Ambassadeur de Sardaigne
Antilope_imp_gazette17221201	charles_jean_baptiste_fleuriau_de_morville	l’Ambassadeur de Hollande
Antilope_imp_gazette17221201	perone	Sardaigne
Antilope_imp_gazette17221201	charles_ii_de_saint_aubin	L'Evesque, Duc de Laon
Antilope_imp_gazette17221201	nicolas_charles_saulx_tavanes	l’Evesque, Comte de Châlons
Antilope_imp_gazette17221201	charlefrancois_chateauneuf_de_rochebonne	l’Evesque Comte de Noyon
Antilope_imp_gazette17221201	pierre_sabatier	d’Amiens
Antilope_imp_gazette17221201	francois_firmin_trudaine	Senlis
Antilope_imp_gazette17221201	patricio_laules	l’Ambassadeur d’Espagne
Antilope_imp_gazette17221201	perone	l’Ambassadeur de Sardaigne
Antilope_imp_gazette17221201	charles_jean_baptiste_fleuriau_de_morville	l’Ambassadeur de Hollande
Antilope_imp_gazette17221201	jean_jacques_de_mesmes	L'Ambassadeur de Malte
Antilope_imp_gazette17221201	josephfleurieuarmenonville	Le Garde des Sceaux de France
Antilope_imp_gazette17221201	jean_jacques_de_mesmes	l’Ambassadeur de Malte
Antilope_imp_gazette17221201	nicolas_ii_de_sainctot	le Chevalier de Sainctot
Antilope_imp_gazette17221201	jacques_ii_remond	le sieur de Remond
Antilope_imp_gazette17221201	henry_tour_auvergne	le Prince de Turenne
Antilope_imp_gazette17221201	louis_daumont_de_rochebaron	le Duc de Villequier
Antilope_imp_gazette17221201	jean_jacques_de_mesmes	L'Ambassadeur de Malte
Antilope_imp_gazette17221201	josephfleurieuarmenonville	Le Garde des Sceaux de France
Antilope_imp_gazette17221201	nicolas_ii_de_sainctot	le Chevalier de Sainctot
Antilope_imp_gazette17221201	henry_tour_auvergne	le Prince de Turenne
Antilope_imp_gazette17221201	claude_louis_hector_de_villars	Mareschal Duc de Villars
Antilope_imp_gazette17221201	francois_mace_le_tellier_de_louvois	le Capitaine des Cent Suisses
Antilope_imp_gazette17221201	charles_timoleon_louis_de_cosse	Le Grand Pannetier
Antilope_imp_gazette17221201	marc_antoine_front_de_beaupoil_de_saint_aulaire	le Grand Echanson
Antilope_imp_gazette17221201	francois_alexandre_aubert_de_la_chesnaye_desbois	Grand Ecuyer Tranchant
Antilope_imp_gazette17221201	claude_louis_hector_de_villars	Mareschal Duc de Villars
Antilope_imp_gazette17221201	francois_mace_le_tellier_de_louvois	le Capitaine des Cent Suisses
Antilope_imp_gazette17221201	charles_timoleon_louis_de_cosse	Le Grand Pannetier
Antilope_imp_gazette17221201	marc_antoine_front_de_beaupoil_de_saint_aulaire	le Grand Echanson
Antilope_imp_gazette17221201	francois_alexandre_aubert_de_la_chesnaye_desbois	Grand Ecuyer Tranchant
Antilope_imp_gazette17221201	louis_ier_du_bouchet	le Comte de Montsoreau
Antilope_imp_gazette17221201	francois_mace_le_tellier_de_louvois	le Marquis de Courtenvaux
Antilope_imp_gazette17221201	charlesalexandre_de_lorraine	le Prince Charles de Lorraine
Antilope_imp_gazette17221201	francoisdeneufvilledevilleroy	de Villeroy
Antilope_imp_gazette17221201	francois_dharcourt	d’Harcourt
Antilope_imp_gazette17221201	henry_tour_auvergne	le Prince de Turene
Antilope_imp_gazette17221201	louis_daumont_de_rochebaron	le Duc de Villequier
Antilope_imp_gazette17221201	henri_camille_de_beringhen	Marquis de Beringhen
Antilope_imp_gazette17221201	jacques_louis_de_beringhen	Marquis de Beringhen son pere
Antilope_imp_gazette17221201	louis_auguste_dalbert_dailly	le Duc de Chau-
Antilope_imp_gazette17221201	louis_auguste_dalbert_dailly	nes
Antilope_imp_gazette17221201	charles_armand_de_gontaut_brion	Marquis de Biron
Antilope_imp_gazette17221201	philippe_charles_de_la_fare	Marquis de la Farre
Antilope_imp_gazette17221201	charles_armand_de_gontaut_brion	Marquis de Biron
Antilope_imp_gazette17221201	philippe_charles_de_la_fare	Marquis de la Farre
Antilope_imp_gazette17221201	peregaudart	le Grand Prieur
Antilope_imp_gazette17221201	francois_victor_le_tonnelier_de_breteuil	le sieur de Breteüil
Antilope_imp_gazette17221201	francois_victor_le_tonnelier_de_breteuil	le sieur de Breteüil
Antilope_imp_gazette17221201	pedro_robinet	le Pere Robinet
Antilope_imp_gazette17221201	henri_pons_de_thiard_de_bissy	de Bissy
Antilope_imp_gazette17221201	leon_potier_de_gesvres	de Gesvres
Antilope_imp_gazette17221201	guillaumedubois	du Bois
Antilope_imp_gazette17221201	melchior_de_polignac	de Polignac
Antilope_imp_gazette17221201	josephfleurieuarmenonville	Le Garde des Sceaux de France
Antilope_imp_gazette17221201	catherine_opalinska	Madame la Duchesse de Lorraine
Antilope_imp_gazette17221201	manuel_francois_de_portugal	l'Infant Don Emanuel
Antilope_imp_gazette17221201	jean_v_de_portugal	Roy
Antilope_imp_gazette17221201	henri_pons_de_thiard_de_bissy	Bissy
Antilope_imp_gazette17221201	guillaume_dubois	Dubois
Antilope_imp_gazette17221201	melchior_de_polignac	de Polignac
Antilope_imp_gazette17221201	leon_potier_de_gesvres	le Cardinal de Gesvres
Antilope_imp_gazette17221201	josephfleurieuarmenonville	Le Garde des Sceaux de France
Antilope_imp_gazette17221201	catherine_opalinska	Madame la Duchesse de Lorraine
Antilope_imp_gazette17221201	manuel_francois_de_portugal	l'Infant Don Emanuel
Antilope_imp_gazette17221201	francois_victor_le_tonnelier_de_breteuil	le sieur de Breteüil
Antilope_imp_gazette17221201	louis_ier_du_bouchet	le Comte de Montsoreau
Antilope_imp_gazette17221201	francois_mace_le_tellier_de_louvois	le Marquis de Courtenvaux
Antilope_imp_gazette17221201	jean_hallé	sieur Hallé
Antilope_imp_gazette17221201	francois_victor_le_tonnelier_de_breteuil	le sieur de Breteüil
Antilope_imp_gazette17221201	claude_le_bas_de_montargis	le sieur de Montargis
Antilope_imp_gazette17221201	henri_charles_arnauld_de_pompone	L'Abbé de Pompone
Antilope_imp_gazette17221201	louis_vincent_de_goesbriand	le Marquis de Goesbriant
Antilope_imp_gazette17221201	jacque_eleonor_rouxel_de_grancey	le Comte de Medavy
Antilope_imp_gazette17221201	claude_auguste_de_goyon_de_matignon	le Comte de Matignon
Antilope_imp_gazette17221201	claude_louis_hector_de_villars	Mareschal Duc de Villars
Antilope_imp_gazette17221201	rene_de_froulay_de_tesse	le Mareschal de Tessé
Antilope_imp_gazette17221201	victormarieestree	le Mareschal d’Estrées
Antilope_imp_gazette17221201	henri_charles_du_cambout_de_coislin	l’Evesque de Metz
Antilope_imp_gazette17221201	francoisdeneufvilledevilleroy	Villeroy
Antilope_imp_gazette17221201	francois_dharcourt	d’Harcourt
Antilope_imp_gazette17221201	henry_tour_auvergne	du Prince de Turene
Antilope_imp_gazette17221201	francois_mace_le_tellier_de_louvois	le Marquis de Courtenvaux
Antilope_imp_gazette17221201	jean_hallé	sieur Hallé
Antilope_imp_gazette17221201	francois_victor_le_tonnelier_de_breteuil	le sieur de Breteüil
Antilope_imp_gazette17221201	claude_le_bas_de_montargis	le sieur de Montargis
Antilope_imp_gazette17221201	henri_charles_arnauld_de_pompone	L'Abbé de Pompone
Antilope_imp_gazette17221201	louis_vincent_de_goesbriand	le Marquis de Goesbriant
Antilope_imp_gazette17221201	jacque_eleonor_rouxel_de_grancey	le Comte de Medavy
Antilope_imp_gazette17221201	claude_auguste_de_goyon_de_matignon	le Comte de Matignon
Antilope_imp_gazette17221201	rene_de_froulay_de_tesse	le Mareschal de Tessé
Antilope_imp_gazette17221201	victormarieestree	le Mareschal d’Estrées
Antilope_imp_gazette17221201	henri_charles_du_cambout_de_coislin	l’Evesque de Metz
Antilope_imp_gazette17221201	francoisdeneufvilledevilleroy	Villeroy
Antilope_imp_gazette17221201	henry_tour_auvergne	du Prince de Turene
Antilope_imp_gazette17221201	louis_daumont_de_rochebaron	Duc de Villequier
Antilope_imp_gazette17221201	louis_iii_de_mailly	Marquis de Nelle
Antilope_imp_gazette17221201	milletsr	Millet
Antilope_imp_gazette17221201	de_varenne_sr	de Varenne
Antilope_imp_gazette17221201	milletsr	l’Huissier
Antilope_imp_gazette17221201	jean_hallé	Heraut
Antilope_imp_gazette17221201	claude_le_bas_de_montargis	Secretaire
Antilope_imp_gazette17221201	jean_hallé	Heraut
Antilope_imp_gazette17221201	milletsr	l’Huissier
Antilope_imp_gazette17221201	henri_charles_du_cambout_de_coislin	L'Evesque de Metz
Antilope_imp_gazette17221201	francoisdeneufvilledevilleroy	Villeroy
Antilope_imp_gazette17221201	francois_dharcourt	d’Harcourt
Antilope_imp_gazette17221201	louis_iii_de_mailly	le Marquis de Nelle
Antilope_imp_gazette17221201	louis_ii_de_la_vergbe_de_tressan	l’Evêsque de Nantes
Antilope_imp_gazette17221201	jean_hallé	Heraut
Antilope_imp_gazette17221201	de_varenne_sr	l’Huissier
Antilope_imp_gazette17221201	francois_victor_le_tonnelier_de_breteuil	le sieur de Breteüil
Antilope_imp_gazette17221201	jean_hallé	Heraut
Antilope_imp_gazette17221201	de_varenne_sr	l’Huissier
Antilope_imp_gazette17221201	jean_hallé	Heraut
Antilope_imp_gazette17221201	de_varenne_sr	l’Huissier
Antilope_imp_gazette17221201	jean_hallé	Heraut
Antilope_imp_gazette17221201	de_varenne_sr	l’Huissier
Antilope_imp_gazette17221201	henri_charles_arnauld_de_pompone	l’Abbé de Pompone
Antilope_imp_gazette17221201	francois_victor_le_tonnelier_de_breteuil	le sieur de Breteüil
Antilope_imp_gazette17221201	henri_charles_arnauld_de_pompone	Chancelier
Antilope_imp_gazette17221201	claude_le_bas_de_montargis	le sieur de Montargis
Antilope_imp_gazette17221201	jean_hallé	Heraut
Antilope_imp_gazette17221201	de_varenne_sr	l’Huissier
Antilope_imp_gazette17221201	francoisdeneufvilledevilleroy	Villeroy
Antilope_imp_gazette17221201	francois_dharcourt	d’Harcourt
Antilope_imp_gazette17221201	henry_tour_auvergne	du Prince de Turene
Antilope_imp_gazette17221201	louis_iii_de_mailly	Marquis de Nelle
Antilope_imp_gazette17221201	louis_iii_de_mailly	Marquis de Nelle
Antilope_imp_gazette17221201	francoisdeneufvilledevilleroy	Villeroy
Antilope_imp_gazette17221201	francois_dharcourt	d’Harcourt
Antilope_imp_gazette17221201	josephfleurieuarmenonville	le Chancelier
Antilope_imp_gazette17221201	claude_le_bas_de_montargis	sieur de Montargis
Antilope_imp_gazette17221201	henry_tour_auvergne	Le Prince de Turene
Antilope_imp_gazette17221201	francois_victor_le_tonnelier_de_breteuil	Le sieur de Breteüil
Antilope_imp_gazette17221201	pierre_clairambault	sieur de Clairambault
Antilope_imp_gazette17221201	francois_victor_le_tonnelier_de_breteuil	le sieur de Breteüil
Antilope_imp_gazette17221201	francois_victor_le_tonnelier_de_breteuil	sieur de Breteüil
Antilope_imp_gazette17221201	claude_le_bas_de_montargis	le sieur de Montargis
Antilope_imp_gazette17221201	henri_charles_arnauld_de_pompone	l’Abbé de Pompone
Antilope_imp_gazette17221201	jean_hallé	Le sieur Hallé
Antilope_imp_gazette17221201	francois_victor_le_tonnelier_de_breteuil	le sieur de Breteüil
Antilope_imp_gazette17221201	francois_victor_le_tonnelier_de_breteuil	sieur de Breteüil
Antilope_imp_gazette17221201	henri_charles_arnauld_de_pompone	l’Abbé de Pompone
Antilope_imp_gazette17221201	jean_hallé	Le sieur Hallé
Antilope_imp_gazette17221201	francois_victor_le_tonnelier_de_breteuil	Breteüil
Antilope_imp_gazette17221201	louis_iii_de_mailly	le Marquis de Nelle
Antilope_imp_gazette17221201	henri_de_nesmond	L'Archevesque de Toulouse
Antilope_imp_gazette17221201	jeanfrederic_phelypeaux_maurepas	Comte de Maurepas
Antilope_imp_gazette17221201	francoisdeneufvilledevilleroy	Duc de Villeroy
Antilope_imp_gazette17221201	charles_du_plessis_dargentre	l’Abbé d’Argentré
Antilope_imp_gazette17221201	guinaut_abbe	un Chapelain de Sa Majesté
Antilope_imp_gazette17221201	claude_jean_baptiste_dodart	sieur Dodart
Antilope_imp_gazette17221201	francoisdeneufvilledevilleroy	Villeroy
Antilope_imp_gazette17221201	francois_dharcourt	d’Harcourt
Antilope_imp_gazette17221201	claude_jean_baptiste_dodart	Premier Medecin
Antilope_imp_gazette17221201	francois_dharcourt	Duc d’Harcourt
Antilope_imp_gazette17221201	catherine_opalinska	Madame la Duchesse de Lorraine
Antilope_imp_gazette17221201	catherine_opalinska	Princesse
Antilope_imp_gazette17221201	henri_francois_lambert_dherbigny	d’Herbigny
Antilope_imp_gazette17221201	niclas_ravot_dombreval	d’Ombreval
Antilope_imp_gazette17221201	michel_robert_le_peletiers_des_forts	le Pelletier
Antilope_imp_gazette17221201	julie_bercaville	elle
Antilope_imp_gazette17221201	julie_bercaville	elle
Antilope_imp_gazette17221201	louixv	Sa Majesté
Antilope_imp_gazette17221201	saintlouis	Saint Loüis
Antilope_imp_mercure17221101		Anonyme (1722)
Antilope_imp_mercure17221101	elisabeth_charlotte_dorleans	une grande Princesse
Antilope_imp_mercure17221101	armand_jean_plessis_richelieu	Le Cardinal Richelieu
Antilope_imp_mercure17221101	sieurpesier	Sieur Pesier
Antilope_imp_mercure17221101	sieurpesier	il
Antilope_imp_mercure17221101	hubert_de_courtarvel	le Chevalier de Pesée
Antilope_imp_mercure17221101	hubert_de_courtarvel	le Chevalier de Pesée
Antilope_imp_mercure17221101	victormarieestree	la Maréchale d’Etrées
Antilope_imp_mercure17221101	marie_anne_catherine_estrees	la Marquise de Courtenvaux
Antilope_imp_mercure17221101	louisriccoboni	Sieur Lelio
Antilope_imp_mercure17221101	Thomasso_antonio_vicentini	Arlequin
Antilope_imp_mercure17221101	victormarieestree	la Maréchale d’Etrées
Antilope_imp_mercure17221101	marie_anne_catherine_estrees	la Marquise de Courtenvaux
Antilope_imp_mercure17221101	gabrielvincentthevenard	Sieur Thevenard
Antilope_imp_mercure17221101	pierredumoulin	Sieur Dumoulin
Antilope_imp_mercure17221101	francoiseprevot	Mlle Prevôt
Antilope_imp_mercure17221101	mauricesaxe	Le Comte de Saxe
Antilope_imp_mercure17221101	mauricesaxe	Le Comte de Saxe
Antilope_imp_mercure17221101	mauricesaxe	Le Comte de Saxe
Antilope_imp_mercure17221101	mauricesaxe	Comte de Saxe
Antilope_imp_mercure17221101	mauricesaxe	il
Antilope_imp_mercure17221101	mauricesaxe	Comte de Saxe
Antilope_imp_mercure17221101	mauricesaxe	il
Antilope_imp_mercure17221101	mauricesaxe	qu’il
Antilope_imp_mercure17221101	mauricesaxe	il
Antilope_imp_mercure17221101	françois_II_du_prat_barbençon	Le Marquis de Barbançon
Antilope_imp_mercure17221101	armand_de_bethune	Duc de Charost
Antilope_imp_mercure17221101	armand_de_bethune	Duc de Charost
Antilope_imp_mercure17221101	jacqueseleonor_rouxeldegrancey	Marquis de Grancey
Antilope_imp_mercure17221101		Me Thierry
Antilope_imp_mercure17221101		Sieurs Malterre
Antilope_imp_mercure17221101		Javiliers
Antilope_imp_mercure17221101	pierredumoulin	Sieur Dumoulin
Antilope_imp_mercure17221101	demoiselle_rey	Dlle Rey
Antilope_imp_mercure17221101		Sieur Corbie
Antilope_imp_mercure17221101	julie_bercaville	Dlle Julie
Antilope_imp_mercure17221101	jeanbaptistedeshayes	Sieur Deshayes
Antilope_imp_mercure17221101		Scapui
Antilope_imp_mercure17221101	dominiquebianconelli	Trivelin
Antilope_imp_mercure17221101		Sieur Paqueti
Antilope_imp_mercure17221101	flaminialadelle	Dlle Flaminia
Antilope_imp_mercure17221101	demoiselleduvalpseudo	Dlle Duval
Antilope_imp_mercure17221101	sieur_saint_martin_acteur	Sieur S. Martin
Antilope_imp_mercure17221101		Dlle Souris
Antilope_imp_mercure17221101		Sieur Javilliers
Antilope_imp_mercure17221101		Dlle Mangot
Antilope_imp_mercure17221101		Buzeau
Antilope_imp_mercure17221101		Dlle Perignon
Antilope_imp_mercure17221101	vincent_charles_delestoile	Le Sieur Dumirail
Antilope_imp_mercure17221101		Souris
Antilope_imp_mercure17221101		du Coudray
Antilope_imp_mercure17221101	dominiquebianconelli	Trivelin
Antilope_imp_mercure17221101	flaminialadelle	Flaminia
Antilope_imp_mercure17221101	flaminialadelle	Dlle Flaminia
Antilope_imp_mercure17221101	marie_anne_victoire_espagne	l’Infante-Reine
Antilope_imp_mercure17221101	mariefertesenneterre	Madame la Duchesse de la Ferté
Antilope_imp_mercure17221101	marie_anne_victoire_espagne	l’Infante-Reine
Antilope_imp_mercure17221101	mariefertesenneterre	Madame la Duchesse de la Ferté
Antilope_imp_mercure17221101	julie_bercaville	Dlle Julie
Antilope_imp_mercure17221101		Sieur Percourt
Antilope_imp_mercure17221101	jeanjosephmouret	Sieur Mouret
Antilope_imp_mercure17221101	jeanjosephmouret	Sieur Mouret
Antilope_imp_mercure17221101	francoiseprevot	Dlle Prevost
Antilope_imp_mercure17221101	francoisdumoulin	Sieur du Moulin
Antilope_imp_mercure17221101		Sieur Laval
Antilope_imp_mercure17221101		Dlle Corail
Antilope_imp_mercure17221101	pierredumoulin	Sieurs Dumoulin
Antilope_imp_mercure17221101	marceldanseur	Sieurs Marcel
Antilope_imp_mercure17221101	dupredanseur	Dupré
Antilope_imp_mercure17221101	gervaismusiqueducorleans	Sieur Gervais
Antilope_imp_mercure17221101	mariannehelenedelamotte	M. de la Motte
Antilope_imp_mercure17221101	sieurperrot	Sieur Perrot
Antilope_imp_mercure17221101		M. Duperier
Antilope_imp_mercure17221101	louis_ii_sanguin	Marquis de Livry
Antilope_imp_mercure17221101	armand_de_bethune	du Duc de Charost, son Gouverneur
Antilope_imp_mercure17221101	armand_de_bethune	Duc de Charost, son Gouverneur
Antilope_imp_mercure17221101	annemontmorency	Connétable de Montmorency
Antilope_imp_mercure17221101	louisdefrance	Monseigneur
Antilope_imp_mercure17221101	louisdefrance	Monsieur le Dauphin
Antilope_imp_mercure17221101	empereurcharlevii	l’Electeur de Baviere
Antilope_imp_mercure17221101	felipeiv	Roy Catholique
Antilope_imp_mercure17221101	henry_tour_auvergne	M. de Turenne
Antilope_imp_mercure17221101	henri_jules_bourboncondé	Henri-Jules
Antilope_imp_mercure17221101	letasse	Tasse
Antilope_imp_mercure17221101	letasse	Poëte
Antilope_imp_mercure17221101	charlesmichelgaspard_saulx	Le Comte de Tavanes
Antilope_imp_mercure17221101	charlesmichelgaspard_saulx	Le Comte de Tavanes
Antilope_imp_mercure17221101	armandjulesrohandeguemene	Cardinal de Rohan
Antilope_imp_mercure17221101	guillaumedubois	Cardinal du Bois
Antilope_imp_mercure17221101	josephpierrecastelanne	l’Evêque de Frejus
Antilope_imp_mercure17221101	josephfleurieuarmenonville	le Garde des Sceaux
Antilope_imp_mercure17221101	louis_ii_phelypeaux_de_la_vrilliere	le Marquis de la Vrilliere
Antilope_imp_mercure17221101	jeanfrederic_phelypeaux_maurepas	le Comte de Maurepas
Antilope_imp_mercure17221101	charlesgasparddodun	M.Dodun
Antilope_imp_mercure17221101	armandjulesrohandeguemene	Cardinal de Rohan
Antilope_imp_mercure17221101	guillaumedubois	Cardinal du Bois
Antilope_imp_mercure17221101	josephpierrecastelanne	l’Evêque de Frejus
Antilope_imp_mercure17221101	josephfleurieuarmenonville	le Garde des Sceaux
Antilope_imp_mercure17221101	louis_ii_phelypeaux_de_la_vrilliere	le Marquis de la Vrilliere
Antilope_imp_mercure17221101	jeanfrederic_phelypeaux_maurepas	le Comte de Maurepas
Antilope_imp_mercure17221101	charlesgasparddodun	M.Dodun
Antilope_imp_mercure17221101	claudebaptiste_dodart	M. Dodart
Antilope_imp_mercure17221101	claude_fleury	le Pere de Ligniere
Antilope_imp_mercure17221101	francoisgigotdelapeyronie	M. de la Peyronie
Antilope_imp_mercure17221101	claudebaptiste_dodart	M. Dodart
Antilope_imp_mercure17221101	claude_fleury	le Pere de Ligniere
Antilope_imp_mercure17221101	francoisgigotdelapeyronie	M. de la Peyronie
Antilope_imp_mercure17221101	sieurbourlet	Sieur Bourlet
Antilope_imp_mercure17221101		M. Dumar
Antilope_imp_mercure17221101		Gruyer
Antilope_imp_mercure17221101	toussaint_rose	President Roze
Antilope_imp_mercure17221101		M. Destin
Antilope_imp_mercure17221101		il
Antilope_imp_mercure17221101		il
Antilope_imp_mercure17221101	theophile_viau	Theophile
Antilope_imp_mercure17221101	theophile_viau	il
Antilope_imp_mercure17221101	marieantier	Elle
Antilope_imp_mercure17221101	marieantier	Elle
Antilope_imp_mercure17221101	marieantier	Dlle Antier
Antilope_imp_mercure17221101	jean_ii_berin	Sieur Berin
Antilope_imp_mercure17221101	jean_ii_berin	pere
Antilope_imp_mercure17221101	louis_iii_bourbonconde	Monsieur le Prince
Antilope_imp_mercure17221101	louisdefrance	Monseigneur le Dauphin
Antilope_imp_mercure17221101	marcantoinelegrand	Sieur le Grand
Antilope_imp_mercure17221101	sieurblondi	Sieur Blondi
Antilope_imp_mercure17221101	jeanlouismansienne	Sieur Mansienne
Antilope_imp_mercure17221101	dupreactrice	Dlle Dupré
Antilope_imp_mercure17221101		Dlle Autier
Antilope_imp_mercure17221101	julie_bercaville	la Dlle Julie
Antilope_imp_mercure17221101	gabrielvincentthevenard	le Sieur de Thevenard
Antilope_imp_mercure17221101	gabrielvincentthevenard	Sieur Thevenard
Antilope_imp_mercure17221101	francoiseprevot	Dlle Prevôt
Antilope_imp_mercure17221101	gabrielvincentthevenard	Sieur Thevenard
Antilope_imp_mercure17221101	quinault_dufresne_abraham_alexis	Le sieur Dufresne.
Antilope_imp_mercure17221101	dufresnemariedupré	La Damoiselle Dufresne.
Antilope_imp_mercure17221101	mariannehelenedelamotte	La Damoiselle la Mothe.
Antilope_imp_mercure17221101	marcantoinelegrand	Le Sieur le Grand.
Antilope_imp_mercure17221101	jeandun	Le Sieur Dun.
Antilope_imp_mercure17221101	Thomasso_antonio_vicentini	Arlequin.
Antilope_imp_mercure17221101	chantillychateau	Château
Antilope_imp_mercure17221101	anne_de_montmorency	Connétable de Montmorency
Antilope_imp_mercure17221101	julie_bercaville	Dlle Julie
Antilope_imp_mercure17221101	mlle_minier	Dlle Minier
Antilope_imp_mercure17221101	marieisabelle_rohan	la Duchesse de Talard
Antilope_imp_mercure17221101	annejulie_demelun	de Mademoiselle de Melun
Antilope_imp_mercure17221101	julie_christine_regine_georges_antraigues	d’Ancenis
Antilope_imp_mercure17221101	armande_felice_la_portemazarin	de Nesle
Antilope_imp_mercure17221101	genievre_gareau	de Beaune
Antilope_imp_mercure17221101	francoisedemailly	de la Vrilliere
Antilope_imp_mercure17221101	mariesophie_colbert	de Lassé
Antilope_imp_mercure17221101	catherinefelicitedubellaydelapallu	du Bellay
Antilope_imp_mercure17221101	marie_françoise_de_froulay_de_tesse	de Tarannes
Antilope_imp_mercure17221101	marieisabelle_rohan	la Duchesse de Talard
Antilope_imp_mercure17221101	annejulie_demelun	de Mademoiselle de Melun
Antilope_imp_mercure17221101	julie_christine_regine_georges_antraigues	d’Ancenis
Antilope_imp_mercure17221101	armande_felice_la_portemazarin	de Nesle
Antilope_imp_mercure17221101	genievre_gareau	de Beaune
Antilope_imp_mercure17221101	francoisedemailly	de la Vrilliere
Antilope_imp_mercure17221101	mariesophie_colbert	de Lassé
Antilope_imp_mercure17221101	catherinefelicitedubellaydelapallu	du Bellay
Antilope_imp_mercure17221101	marie_françoise_de_froulay_de_tesse	de Tarannes
Antilope_imp_mercure17221101	morel_sr	Sieur Morel
Antilope_imp_mercure17221101	jean_ii_berin	Sieur Berin
Antilope_imp_mercure17221101	francois_de_saintclos	le Superieur
Antilope_imp_mercure17221101	louisix	S. Loüis
Antilope_imp_mercure17221101	denisdesaintmarthe	P. Dom Denis de Sainte Marthe
Antilope_imp_mercure17221101	charlesvi	Charles VI
Antilope_imp_mercure17221101	charlesvi	Charles VI
Antilope_imp_mercure17221101	armand_de_bethune	Duc de Charost, son Gouverneur
Antilope_imp_mercure17221101	armand_de_bethune	du Duc de Charost
Antilope_imp_mercure17221101	louisleonmariepotierdegesvre	Duc de Gesvres
Antilope_imp_mercure17221101	ricardpresident	M. Ricard
Antilope_imp_mercure17221101	bernardlebouyerdefontenelle	M. de Fontenelles
Antilope_imp_mercure17221101	ricardpresident	M. Ricard
Antilope_imp_mercure17221101	bernardlebouyerdefontenelle	M. de Fontenelles
Antilope_imp_mercure17221101	ricardpresident	Ricard
Antilope_imp_mercure17221101	joseph_paul_ricard	l’aîné
Antilope_imp_mercure17221101	louis_ii_phelypeaux_de_la_vrilliere	Le Marquis de la Vrilliere
Antilope_imp_mercure17221101	josephfleurieuarmenonville	le Garde des Sceaux
Antilope_imp_mercure17221101	louisantoinedenoaille	Le Cardinal de Noailles
Flandres17_imp_Lille1680	??	
Flandres17_imp_Lille1680	jean_chrisostome_malte	Malte Jean Chrisostome
Flandres17_imp_Valenciennes1680	???	
Flandres17_imp_Valenciennes1680_Mercure	bonneüil	Mr de Bonneüil
Flandres17_imp_Valenciennes1680_Mercure	nassau_zuilestein	Mr de Nassau de Zuilestein
Flandres17_imp_Valenciennes1680_abrege	???	Deprès (de Valenciennes)
Flandres17_imp_Valenciennes1680_abrege	Balthasar Le Francq	Balthasar Le Francq
Flandres17_imp_Valenciennes1680_abrege	balthasar_le_francq	Balhasar Le Francq
Flandres17_imp_Valenciennes1680_abrege		Mr. de Montefrancq
Flandres17_imp_Valenciennes1680_abrege		le Maréchal de Crequi
Flandres17_imp_Valenciennes1680_abrege		le Roy de SIAM
Flandres17_imp_Valenciennes1680_abrege		Sr. Doilly
Flandres17_imp_Valenciennes1680_abrege		le Magistrat
Flandres17_imp_mg1680		Mr le Grand
Flandres17_imp_mg1680	armand_de_bethune	Mr le Duc de Charost
Flandres17_imp_mg1680	armand_de_bethune	Mr de Charost
Flandres17_imp_mg1680	flandre	Païs
Flandres17_imp_mg1680	regiment_de_phisfer	Regiment de Phisfer
Flandres17_imp_mg1680		Mr le Chevalier de Sourdis
Flandres17_imp_mg1680	regiment_de_koenigsmarck	Konismarck
Flandres17_imp_mg1680	regiment_de_vivans	Vivans
Flandres17_imp_mg1680	regiment_de_villeroy	Villeroy
Flandres17_imp_mg1680	regiment_de_quincy	Quincy
Flandres17_imp_mg1680	regiment_de_lumbres	Lumbres
Flandres17_imp_mg1680	regiment_de_rose	Rose
Flandres17_imp_mg1680	regiment_de_koenigsmarck	Konismarck
Flandres17_imp_mg1680		Mademoiselle Poitiers
Flandres17_imp_mg1680		Mr Lartet
Flandres17_imp_mg1680	Henri de la Tour d'Auvergne	Mr le Maréchal de Turenne
Flandres17_imp_mg1680		Son Altesse Serénissime
Flandres17_imp_mg1680_calais	regiment_de_phisfer	Regiment de Phisfer
Flandres17_imp_mg1680_dunkerque		Son Altesse Serénissime
Flandres17_imp_mg1680_dunkerque		Mr l’Ambassadeur de Suede
Flandres17_imp_mg1680_dunkerque		de Thury
Flandres17_imp_mg1680_dunkerque		Son Altesse Serénissime
Flandres17_imp_mg1680_entre_beauvais_et_calais		Mr le Grand
Flandres17_imp_mg1680_entre_beauvais_et_calais	armand_de_bethune	Mr le Duc de Charost
Flandres17_imp_mg1680_entre_beauvais_et_calais	armand_de_bethune	Mr de Charost
Flandres17_imp_mg1680_entre_beauvais_et_calais	flandre	Païs
Flandres17_imp_mg1680_lille	elisabeth_charlotte_baviere	Madame
Flandres17_imp_mg1680_monquebour_gravelines		Mademoiselle Poitiers
Flandres17_imp_mg1680_monquebour_gravelines		Mr Lartet
Flandres17_imp_mg1680_saint_omer		Mr le Chevalier de Sourdis
Flandres17_imp_mg1680_saint_omer	regiment_de_koenigsmarck	Konismarck
Flandres17_imp_mg1680_saint_omer	regiment_de_vivans	Vivans
Flandres17_imp_mg1680_saint_omer	regiment_de_villeroy	Villeroy
Flandres17_imp_mg1680_saint_omer	regiment_de_quincy	Quincy
Flandres17_imp_mg1680_saint_omer	regiment_de_lumbres	Lumbres
Flandres17_imp_mg1680_saint_omer	regiment_de_rose	Rose
Flandres17_imp_mg1680_saint_omer	regiment_de_koenigsmarck	Konismarck
Flandres17_imp_mg1680_ypres	marie_therese_autriche	Reyne
Flandres17_ms_Chavatte		andrè desprez
merveilles17_imp_GalantsMaures_1685	anonyme	ANONYME
merveilles17_imp_GalantsMaures_1685		Monsieur de la Vergne
merveilles17_imp_GalantsMaures_1685		Monsieur le Chevalier de Sully
merveilles17_imp_GalantsMaures_1685		Roy
merveilles17_imp_GalantsMaures_1685		Monsieur le Duc de S. Aignan
merveilles17_imp_GalantsMaures_1685		ce Duc
merveilles17_imp_GalantsMaures_1685		DU ROY
merveilles17_imp_amoursdballard1664	mlles_chateau_assier	Chasteau d’Assier
merveilles17_imp_artsballard1663		Sa Majesté
merveilles17_imp_artsballard1663		Robert Ballard
merveilles17_imp_artsballard1663		Roy
merveilles17_imp_artsballard1663		Sa Majesté
merveilles17_imp_artsballard1663		Mademoiselle Hylaire
merveilles17_imp_artsballard1663		Mademoiselle
merveilles17_imp_artsballard1663		de Saint Christophe
merveilles17_imp_artsballard1663		LE ROY
merveilles17_imp_artsballard1663		Le Marquis de Rassan
merveilles17_imp_artsballard1663		Sieurs Raynal
merveilles17_imp_artsballard1663		Noblet
merveilles17_imp_artsballard1663		la Pierre
merveilles17_imp_artsballard1663		MADAME
merveilles17_imp_artsballard1663		Mademoiselle de Mortemart
merveilles17_imp_artsballard1663		Mademoiselle de
merveilles17_imp_artsballard1663		Saint Simon
merveilles17_imp_artsballard1663		Mademoiselle de la valliere
merveilles17_imp_artsballard1663		Mademoiselle de Seuigny
merveilles17_imp_artsballard1663		LE ROY
merveilles17_imp_artsballard1663		MADAME
merveilles17_imp_artsballard1663		Mademoiselle de Mortemart
merveilles17_imp_artsballard1663		Mademoiselle de Saint Simon
merveilles17_imp_artsballard1663		Mademoiselle de la Valliere
merveilles17_imp_artsballard1663		Mademoiselle de Seuigny
merveilles17_imp_artsballard1663		Marquis de Rassan
merveilles17_imp_artsballard1663		Mademoiselle de Cercamanan
merveilles17_imp_artsballard1663		Comte de S. Aignan
merveilles17_imp_artsballard1663		Messieurs d’Heureux
merveilles17_imp_artsballard1663		Beauchamp
merveilles17_imp_artsballard1663		Saint André
merveilles17_imp_artsballard1663		Desbrosse
merveilles17_imp_artsballard1663		Comte de S. Aignan
merveilles17_imp_artsballard1663		Mademoiselle Hylaire
merveilles17_imp_artsballard1663		Comte d’Armagnac
merveilles17_imp_artsballard1663		Marquis de Genlis
merveilles17_imp_artsballard1663		Monsieur Coquet
merveilles17_imp_artsballard1663		Monsieur l’Anglois
merveilles17_imp_artsballard1663		Comte d’Armagnac
merveilles17_imp_artsballard1663		Comte de Sery
merveilles17_imp_artsballard1663		Messieurs de Beaumont
merveilles17_imp_artsballard1663		’Estival
merveilles17_imp_artsballard1663		Sieurs de Lorges
merveilles17_imp_artsballard1663		le Chantre
merveilles17_imp_artsballard1663		le Comte
merveilles17_imp_artsballard1663		Desbrosses
merveilles17_imp_artsballard1663		Monsieur Molier
merveilles17_imp_artsballard1663		Sieurs des Airs le cadet
merveilles17_imp_artsballard1663		Païsan
merveilles17_imp_artsballard1663		Desonets
merveilles17_imp_artsballard1663		Mademoiselle de la Barre
merveilles17_imp_artsballard1663		Monsieur le Duc
merveilles17_imp_artsballard1663		Duc de Beaufort
merveilles17_imp_artsballard1663		Marquis de Villeroy
merveilles17_imp_artsballard1663		de Mirepoix
merveilles17_imp_artsballard1663		Monsieur Bontemps
merveilles17_imp_artsballard1663		Monsieur
merveilles17_imp_artsballard1663		Langlois
merveilles17_imp_artsballard1663		Sieur de S. André
merveilles17_imp_artsballard1663		Monsieur le Duc
merveilles17_imp_artsballard1663		Duc de Beaufort
merveilles17_imp_artsballard1663		Marquis de Villeroy
merveilles17_imp_artsballard1663		Marquis de Mirepoix
merveilles17_imp_artsballard1663		Monsieur de la Grille
merveilles17_imp_artsballard1663		Monsieur de Lully
merveilles17_imp_artsballard1663		Sieurs la Vigne
merveilles17_imp_artsballard1663		Besson
merveilles17_imp_artsballard1663		Magny
merveilles17_imp_artsballard1663		Barry
merveilles17_imp_artsballard1663		Monsieur Geoffroy
merveilles17_imp_artsballard1663		Sieurs Raynal
merveilles17_imp_artsballard1663		Bonard
merveilles17_imp_artsballard1663		le
merveilles17_imp_artsballard1663		Conte
merveilles17_imp_artsballard1663		Païsan
merveilles17_imp_artsballard1663		la Pierre
merveilles17_imp_artsballard1663		Noblet
merveilles17_imp_artsballard1663		Laleu
merveilles17_imp_artsballard1663		Monsieur de Lully
merveilles17_imp_artsballard1663		Mademoiselle Hilaire
merveilles17_imp_artsballard1663		Monsieur Don
merveilles17_imp_artsballard1663		Madame
merveilles17_imp_artsballard1663		Mademoiselle de Mortemart
merveilles17_imp_artsballard1663		Mademoi-
merveilles17_imp_artsballard1663		selle de S. Simon
merveilles17_imp_artsballard1663		Mademoiselle de la Valliere
merveilles17_imp_artsballard1663		Mademoiselle de Seuigny
merveilles17_imp_artsballard1663		Madame
merveilles17_imp_artsballard1663		Mademoiselle de Mortemart
merveilles17_imp_artsballard1663		Mademoiselle de S. Simon
merveilles17_imp_artsballard1663		Mademoiselle de la Valliere
merveilles17_imp_artsballard1663		Mademoiselle de Seuigny
merveilles17_imp_artsballard1663		Comte de
merveilles17_imp_artsballard1663		Saint Aignan
merveilles17_imp_artsballard1663		Monsieur de Sou-
merveilles17_imp_artsballard1663		uille
merveilles17_imp_artsballard1663		Sieur
merveilles17_imp_artsballard1663		Raynal
merveilles17_imp_artsballard1663		Sieur des Airs l’aisné
merveilles17_imp_artsballard1663		Sieur de Lorges
merveilles17_imp_artsballard1663		Sieur des Airs le cadet
merveilles17_imp_artsballard1663		Comte de S. Aignan
merveilles17_imp_ctb-perrault1670	louis_crevant	Marquis d’Humiere
merveilles17_imp_ctb-perrault1670	louis_crevant	Le Marquis d'humier
merveilles17_imp_ctb-perrault1670	louis_crevant	MARQVIS D’HVMIERES
merveilles17_imp_ctb-perrault1670	louis_crevant	Humiere
merveilles17_imp_gazette16640528	louis_crevant	Marquis d’Humiéres
merveilles17_imp_gazette16800807	louis_crevant	Maréchal de Humiéres
merveilles17_imp_gazette16800807	Faramond	Pharamond
merveilles17_imp_gazette16800808		Madame
merveilles17_imp_gdv-felibien1668	mesdemoiselles_d_angouleme	Mesdemoiselles d’Angoulesmes
merveilles17_imp_gdv-felibien1668	mlles_de_grancey	Mlles ses deux filles
merveilles17_imp_gdv-felibien1668	lieutenante_civile	Me la Lientenãnte Civile
merveilles17_imp_gdv-felibien1668	grande_marechale	Me la grande Mareschalle
merveilles17_imp_gdv-felibien1668	sieurs_grotteau	Les Sieurs Grotteau
merveilles17_imp_pie-ballard1	louis_crevant	Les Marquis d’Humieres
merveilles17_imp_pie-ballard1	louis_crevant	Le Marquis d’Humieres
merveilles17_imp_pie-ballard1	louis_crevant	Le Marquis d’Humieres
merveilles17_imp_pie-ballard1	louis_crevant	Monsieur le Marquis d’Humieres
merveilles17_imp_pie-ballard1	louis_crevant	Monsieur d’Humieres
merveilles17_imp_pie-ballard2	louis_crevant	Marquis d’Humieres
merveilles17_imp_pie-ballard2	louis_crevant	Marquis d’Humieres
merveilles17_imp_pie-ballard2	louis_crevant	Marquis d’Humieres
merveilles17_imp_pie-guignard1668	louis_crevant	Les Marquis d’Humieres
merveilles17_imp_pie-guignard1668	louis_crevant	Le Marquis d’Humieres
merveilles17_imp_pie-guignard1668	louis_crevant	Le Marquis d’Humieres
merveilles17_imp_pie-ir1673	louis_crevant	Marquis d’Humiéres
merveilles17_imp_pie-ir1673	louis_crevant	Marquis d’Humieres
merveilles17_imp_pie-ir1673	louis_crevant	Marquis d’Humiéres
merveilles17_ms_bavmscheii38_257	Baldini_S	Baldini Sebastiano (1615-1685).
merveilles17_ms_pie-bizincourt_001	louis_crevant	Marquis d’Humieres
merveilles17_ms_pie-bizincourt_001	louis_crevant	MONSIEVR LE MARQVIS D’HVMIERES
merveilles17_ms_pie-bizincourt_001	louis_crevant	LOVIS DE CREVANT DHVUMIERES
merveilles17_ms_pie-philidor	louis_crevant	Marquis d’Humieres
merveilles17_ms_pie-philidor	louis_crevant	Marquis d’Humieres
merveilles17_ms_pie-philidor	louis_crevant	Marquis d’Humieres
Antilope_imp_mercure17221101		author
Flandres17_imp_Lille1680	??	author
Flandres17_imp_Valenciennes1680	???	author
Flandres17_imp_Valenciennes1680_abrege	???	author
merveilles17_imp_GalantsMaures_1685	anonyme	author
merveilles17_ms_bavmscheii38_257	Baldini_S	author
Flandres17_imp_Lille1680	jean_chrisostome_malte	imprimeur
Flandres17_imp_Valenciennes1680_abrege	Balthasar Le Francq	imprimeur
